{"display":{"thirdperson_righthand":{"translation":[0,3.75,0],"scale":[0.9,0.9,0.9]},"thirdperson_lefthand":{"translation":[0,3.75,0],"scale":[0.9,0.9,0.9]},"firstperson_righthand":{"translation":[0,-0.75,0],"scale":[0.8,0.8,0.8]},"firstperson_lefthand":{"translation":[0,-0.75,0],"scale":[0.8,0.8,0.8]},"ground":{"rotation":[-58,54,-12],"translation":[0,1,0],"scale":[0.6,0.6,0.6]},"gui":{"rotation":[90,45,-90],"translation":[1,1,0],"scale":[0.6,0.6,0.6]},"head":{"translation":[0,12.5,0]},"fixed":{"rotation":[-90,-135,-90],"translation":[-1.5,1,0],"scale":[0.8,0.8,0.8]}},"texture_size":[64,64],"textures":{"0":"item/hoplite/hypnosis_staff","particle":"item/hoplite/hypnosis_staff"},"elements":[{"from":[6.5,17.67593,3.77739],"to":[9.5,19.67593,8.77739],"rotation":{"angle":-22.5,"axis":"x","origin":[8,17.68571,7.32313]},"faces":{"north":{"uv":[6.75,4.5,7.5,5],"texture":"#0"},"east":{"uv":[4.5,5.5,5.75,6],"texture":"#0"},"south":{"uv":[5.5,6.75,6.25,7.25],"texture":"#0"},"west":{"uv":[5.5,4.75,6.75,5.25],"texture":"#0"},"up":{"uv":[4.75,3.75,4,2.5],"texture":"#0"},"down":{"uv":[4.75,3.75,4,5],"texture":"#0"}}},{"from":[6.5,15.67593,4.27739],"to":[6.5,17.67593,8.27739],"rotation":{"angle":-22.5,"axis":"x","origin":[8,17.68571,7.32313]},"faces":{"north":{"uv":[0,0,0,0.5],"texture":"#0"},"east":{"uv":[6.5,3.5,7.5,4],"texture":"#0"},"south":{"uv":[0,0,0,0.5],"texture":"#0"},"west":{"uv":[6.5,4,7.5,4.5],"texture":"#0"},"up":{"uv":[0,1,0,0],"texture":"#0"},"down":{"uv":[0,0,0,1],"texture":"#0"}}},{"from":[9.5,15.67593,4.27739],"to":[9.5,17.67593,8.27739],"rotation":{"angle":-22.5,"axis":"x","origin":[8,17.68571,7.32313]},"faces":{"north":{"uv":[0,0,0,0.5],"texture":"#0"},"east":{"uv":[4.5,6.5,5.5,7],"texture":"#0"},"south":{"uv":[0,0,0,0.5],"texture":"#0"},"west":{"uv":[0,6.75,1,7.25],"texture":"#0"},"up":{"uv":[0,1,0,0],"texture":"#0"},"down":{"uv":[0,0,0,1],"texture":"#0"}}},{"from":[6.5,15.37046,5.39966],"to":[6.5,16.37046,9.39966],"rotation":{"angle":-45,"axis":"x","origin":[8,15.37046,7.39966]},"faces":{"north":{"uv":[0,0,0,0.5],"texture":"#0"},"east":{"uv":[6.5,3.5,7.5,4],"texture":"#0"},"south":{"uv":[0,0,0,0.5],"texture":"#0"},"west":{"uv":[6.5,4,7.5,4.5],"texture":"#0"},"up":{"uv":[0,1,0,0],"texture":"#0"},"down":{"uv":[0,0,0,1],"texture":"#0"}}},{"from":[9.5,15.37046,5.39966],"to":[9.5,16.37046,9.39966],"rotation":{"angle":-45,"axis":"x","origin":[8,15.37046,7.39966]},"faces":{"north":{"uv":[0,0,0,0.5],"texture":"#0"},"east":{"uv":[4.5,6.5,5.5,7],"texture":"#0"},"south":{"uv":[0,0,0,0.5],"texture":"#0"},"west":{"uv":[0,6.75,1,7.25],"texture":"#0"},"up":{"uv":[0,1,0,0],"texture":"#0"},"down":{"uv":[0,0,0,1],"texture":"#0"}}},{"from":[4.5,17.79089,6.04093],"to":[11.5,19.79089,11.04093],"rotation":{"angle":45,"axis":"x","origin":[8,17.68571,7.32313]},"faces":{"north":{"uv":[4.75,2.5,6.5,3],"texture":"#0"},"east":{"uv":[5.75,5.25,7,5.75],"texture":"#0"},"south":{"uv":[4.75,3,6.5,3.5],"texture":"#0"},"west":{"uv":[5.75,5.75,7,6.25],"texture":"#0"},"up":{"uv":[3.75,1.25,2,0],"texture":"#0"},"down":{"uv":[3.75,1.25,2,2.5],"texture":"#0"}}},{"from":[5.5,11.9281,9.51672],"to":[10.5,16.9281,11.51672],"rotation":{"angle":22.5,"axis":"x","origin":[8,16.9281,10.51672]},"faces":{"north":{"uv":[3.75,0,5,1.25],"texture":"#0"},"east":{"uv":[6,0,6.5,1.25],"texture":"#0"},"south":{"uv":[3.75,1.25,5,2.5],"texture":"#0"},"west":{"uv":[6,3.5,6.5,4.75],"texture":"#0"},"up":{"uv":[5.75,6.5,4.5,6],"texture":"#0"},"down":{"uv":[7,6.25,5.75,6.75],"texture":"#0"}}},{"from":[6.5,10.89319,5.3348],"to":[9.5,12.89319,9.3348],"rotation":{"angle":-22.5,"axis":"x","origin":[8,11.89319,6.8348]},"faces":{"north":{"uv":[6.25,6.75,7,7.25],"texture":"#0"},"east":{"uv":[6.5,3,7.5,3.5],"texture":"#0"},"south":{"uv":[3.5,7,4.25,7.5],"texture":"#0"},"west":{"uv":[3.5,6.5,4.5,7],"texture":"#0"},"up":{"uv":[5.5,4.5,4.75,3.5],"texture":"#0"},"down":{"uv":[5.5,4.5,4.75,5.5],"texture":"#0"}}},{"from":[6.96,5.5529,5.2948],"to":[9.04,7.6329,11.3748],"rotation":{"angle":22.5,"axis":"x","origin":[7.5,6.5929,6.8348]},"faces":{"north":{"uv":[7,5.5,7.5,6],"texture":"#0"},"east":{"uv":[5,1.5,6.5,2],"texture":"#0"},"south":{"uv":[7,6,7.5,6.5],"texture":"#0"},"west":{"uv":[5,2,6.5,2.5],"texture":"#0"},"up":{"uv":[1.5,6.75,1,5.25],"texture":"#0"},"down":{"uv":[2,5.25,1.5,6.75],"texture":"#0"}}},{"from":[6.95,6.19305,5.0163],"to":[9.05,12.29305,7.1163],"rotation":{"angle":0,"axis":"y","origin":[7.5,9.24305,6.0663]},"faces":{"north":{"uv":[5,0,5.5,1.5],"texture":"#0"},"east":{"uv":[4,5,4.5,6.5],"texture":"#0"},"south":{"uv":[0,5.25,0.5,6.75],"texture":"#0"},"west":{"uv":[0.5,5.25,1,6.75],"texture":"#0"},"up":{"uv":[5.25,7.5,4.75,7],"texture":"#0"},"down":{"uv":[7.5,5,7,5.5],"texture":"#0"}}},{"from":[7,-3.65114,7.87809],"to":[9,17.34886,9.87809],"rotation":{"angle":0,"axis":"y","origin":[8,9.34886,6.87809]},"faces":{"north":{"uv":[0,0,0.5,5.25],"texture":"#0"},"east":{"uv":[0.5,0,1,5.25],"texture":"#0"},"south":{"uv":[1,0,1.5,5.25],"texture":"#0"},"west":{"uv":[1.5,0,2,5.25],"texture":"#0"},"up":{"uv":[7.5,7,7,6.5],"texture":"#0"},"down":{"uv":[7.5,7,7,7.5],"texture":"#0"}}},{"from":[6.95,-3.70114,7.82809],"to":[9.05,12.39886,9.92809],"rotation":{"angle":0,"axis":"y","origin":[8,9.34886,6.87809]},"faces":{"north":{"uv":[2,2.5,2.5,6.5],"texture":"#0"},"east":{"uv":[2.5,2.5,3,6.5],"texture":"#0"},"south":{"uv":[3,2.5,3.5,6.5],"texture":"#0"},"west":{"uv":[3.5,2.5,4,6.5],"texture":"#0"},"up":{"uv":[7.75,1,7.25,0.5],"texture":"#0"},"down":{"uv":[7.75,1,7.25,1.5],"texture":"#0"}}},{"from":[6.5,-5.35114,7.5],"to":[9.5,-2.35114,10.5],"rotation":{"angle":45,"axis":"x","origin":[8,-4.15114,8]},"faces":{"north":{"uv":[6.5,0,7.25,0.75],"texture":"#0"},"east":{"uv":[6.5,0.75,7.25,1.5],"texture":"#0"},"south":{"uv":[6.5,1.5,7.25,2.25],"texture":"#0"},"west":{"uv":[2,6.5,2.75,7.25],"texture":"#0"},"up":{"uv":[7.25,3,6.5,2.25],"texture":"#0"},"down":{"uv":[3.5,6.5,2.75,7.25],"texture":"#0"}}},{"from":[7.49,-9.66114,9.86809],"to":[8.51,-7.64114,11.88809],"rotation":{"angle":45,"axis":"x","origin":[8,-6.65114,8.87809]},"faces":{"north":{"uv":[4.5,5,4.75,5.5],"texture":"#0"},"east":{"uv":[0,7.25,0.5,7.75],"texture":"#0"},"south":{"uv":[3.25,7.25,3.5,7.75],"texture":"#0"},"west":{"uv":[7.25,0,7.75,0.5],"texture":"#0"},"up":{"uv":[5.75,7.75,5.5,7.25],"texture":"#0"},"down":{"uv":[6,7.25,5.75,7.75],"texture":"#0"}}},{"from":[7.5,-9.65114,7.87809],"to":[8.5,-5.65114,9.87809],"rotation":{"angle":0,"axis":"y","origin":[8,-6.65114,10.67809]},"faces":{"north":{"uv":[5.25,7,5.5,8],"texture":"#0"},"east":{"uv":[1,6.75,1.5,7.75],"texture":"#0"},"south":{"uv":[0.5,7.25,0.75,8.25],"texture":"#0"},"west":{"uv":[1.5,6.75,2,7.75],"texture":"#0"},"up":{"uv":[6.25,7.75,6,7.25],"texture":"#0"},"down":{"uv":[6.5,7.25,6.25,7.75],"texture":"#0"}}},{"from":[7.51,-7.94114,8.08809],"to":[8.49,-4.96114,9.06809],"rotation":{"angle":-22.5,"axis":"x","origin":[8,-7.65114,6.87809]},"faces":{"north":{"uv":[0.75,7.25,1,8],"texture":"#0"},"east":{"uv":[7.25,1.5,7.5,2.25],"texture":"#0"},"south":{"uv":[2,7.25,2.25,8],"texture":"#0"},"west":{"uv":[2.25,7.25,2.5,8],"texture":"#0"},"up":{"uv":[5.75,5.5,5.5,5.25],"texture":"#0"},"down":{"uv":[6.75,4.5,6.5,4.75],"texture":"#0"}}},{"from":[7.51,-7.94114,8.73191],"to":[8.49,-4.96114,9.71191],"rotation":{"angle":22.5,"axis":"x","origin":[8,-7.65114,10.92191]},"faces":{"north":{"uv":[7.25,2.25,7.5,3],"texture":"#0"},"east":{"uv":[2.5,7.25,2.75,8],"texture":"#0"},"south":{"uv":[2.75,7.25,3,8],"texture":"#0"},"west":{"uv":[3,7.25,3.25,8],"texture":"#0"},"up":{"uv":[5.75,6.75,5.5,6.5],"texture":"#0"},"down":{"uv":[7,5,6.75,5.25],"texture":"#0"}}},{"from":[7,13.98642,7.08526],"to":[9,18.98642,8.08526],"rotation":{"angle":45,"axis":"x","origin":[8,17.68571,7.32313]},"faces":{"north":{"uv":[5.5,0,6,1.25],"texture":"#0"},"east":{"uv":[4.25,7,4.5,8.25],"texture":"#0"},"south":{"uv":[5.5,3.5,6,4.75],"texture":"#0"},"west":{"uv":[4.5,7,4.75,8.25],"texture":"#0"},"up":{"uv":[6,1.5,5.5,1.25],"texture":"#0"},"down":{"uv":[6.5,1.25,6,1.5],"texture":"#0"}}}],"gui_light":"front"}