{
	"format_version": "1.21.6",
	"credit": "Made with Blockbench",
	"texture_size": [64, 64],
	"textures": {
		"0": "item/netherite_sword/gambling_blade_tex",
		"particle": "item/netherite_sword/gambling_blade_tex"
	},
	"elements": [
		{
			"from": [6.9, 0, 6.9],
			"to": [9.1, 2, 9.1],
			"rotation": {"angle": 0, "axis": "y", "origin": [7, 0, 7]},
			"faces": {
				"north": {"uv": [5, 5.75, 5.5, 6.25], "texture": "#0"},
				"east": {"uv": [5, 7.5, 5.5, 8], "texture": "#0"},
				"south": {"uv": [5.5, 7.5, 6, 8], "texture": "#0"},
				"west": {"uv": [7.75, 3.25, 8.25, 3.75], "texture": "#0"},
				"up": {"uv": [8.25, 4.25, 7.75, 3.75], "texture": "#0"},
				"down": {"uv": [4.75, 7.75, 4.25, 8.25], "texture": "#0"}
			}
		},
		{
			"from": [7, 2, 7],
			"to": [9, 10, 9],
			"rotation": {"angle": 0, "axis": "y", "origin": [7, 2, 7]},
			"faces": {
				"north": {"uv": [1.25, 5, 1.75, 7], "texture": "#0"},
				"east": {"uv": [1.75, 5, 2.25, 7], "texture": "#0"},
				"south": {"uv": [2.25, 5, 2.75, 7], "texture": "#0"},
				"west": {"uv": [2.75, 5, 3.25, 7], "texture": "#0"},
				"up": {"uv": [8.25, 4.75, 7.75, 4.25], "texture": "#0"},
				"down": {"uv": [6.75, 7.75, 6.25, 8.25], "texture": "#0"}
			}
		},
		{
			"from": [6.95, 2, 6.95],
			"to": [9.05, 10, 9.05],
			"rotation": {"angle": 0, "axis": "y", "origin": [7, 2, 7]},
			"faces": {
				"north": {"uv": [3.25, 5, 3.75, 7], "texture": "#0"},
				"east": {"uv": [3.75, 5, 4.25, 7], "texture": "#0"},
				"south": {"uv": [5, 3.75, 5.5, 5.75], "texture": "#0"},
				"west": {"uv": [4.25, 5, 4.75, 7], "texture": "#0"},
				"up": {"uv": [7.25, 8.25, 6.75, 7.75], "texture": "#0"},
				"down": {"uv": [7.75, 7.75, 7.25, 8.25], "texture": "#0"}
			}
		},
		{
			"from": [6.97523, 27.71074, 7.47],
			"to": [11.03523, 28.77074, 8.53],
			"rotation": {"angle": -22.5, "axis": "z", "origin": [7.50523, 26.24074, 8]},
			"faces": {
				"north": {"uv": [7.75, 7.75, 8.75, 8], "texture": "#0"},
				"east": {"uv": [6, 8.5, 6.25, 8.75], "texture": "#0"},
				"south": {"uv": [0, 8, 1, 8.25], "texture": "#0"},
				"west": {"uv": [6.25, 8.5, 6.5, 8.75], "texture": "#0"},
				"up": {"uv": [9, 1.25, 8, 1], "texture": "#0"},
				"down": {"uv": [9, 1.25, 8, 1.5], "texture": "#0"}
			}
		},
		{
			"from": [4.96477, 27.71074, 7.47],
			"to": [9.02477, 28.77074, 8.53],
			"rotation": {"angle": 22.5, "axis": "z", "origin": [8.49477, 26.24074, 8]},
			"faces": {
				"north": {"uv": [8, 1.5, 9, 1.75], "texture": "#0"},
				"east": {"uv": [6.5, 8.5, 6.75, 8.75], "texture": "#0"},
				"south": {"uv": [5, 8, 6, 8.25], "texture": "#0"},
				"west": {"uv": [6.75, 8.5, 7, 8.75], "texture": "#0"},
				"up": {"uv": [8.75, 8.25, 7.75, 8], "texture": "#0"},
				"down": {"uv": [1, 8.25, 0, 8.5], "texture": "#0"}
			}
		},
		{
			"from": [4.97477, 26.72074, 7.48],
			"to": [9.01477, 27.76074, 8.52],
			"rotation": {"angle": 22.5, "axis": "z", "origin": [8.49477, 26.24074, 8]},
			"faces": {
				"north": {"uv": [1.25, 8.25, 2.25, 8.5], "texture": "#0"},
				"east": {"uv": [7, 8.5, 7.25, 8.75], "texture": "#0"},
				"south": {"uv": [8.25, 2.25, 9.25, 2.5], "texture": "#0"},
				"west": {"uv": [7.25, 8.5, 7.5, 8.75], "texture": "#0"},
				"up": {"uv": [9.25, 2.75, 8.25, 2.5], "texture": "#0"},
				"down": {"uv": [9.25, 2.75, 8.25, 3], "texture": "#0"}
			}
		},
		{
			"from": [6.98523, 26.72074, 7.48],
			"to": [11.02523, 27.76074, 8.52],
			"rotation": {"angle": -22.5, "axis": "z", "origin": [7.50523, 26.24074, 8]},
			"faces": {
				"north": {"uv": [8.25, 3, 9.25, 3.25], "texture": "#0"},
				"east": {"uv": [7.5, 8.5, 7.75, 8.75], "texture": "#0"},
				"south": {"uv": [8.25, 3.25, 9.25, 3.5], "texture": "#0"},
				"west": {"uv": [7.75, 8.5, 8, 8.75], "texture": "#0"},
				"up": {"uv": [9.25, 3.75, 8.25, 3.5], "texture": "#0"},
				"down": {"uv": [9.25, 3.75, 8.25, 4], "texture": "#0"}
			}
		},
		{
			"from": [7.99523, 25.73074, 7.49],
			"to": [11.01523, 26.75074, 8.51],
			"rotation": {"angle": -22.5, "axis": "z", "origin": [7.50523, 26.24074, 8]},
			"faces": {
				"north": {"uv": [5, 8.25, 5.75, 8.5], "texture": "#0"},
				"east": {"uv": [8, 8.5, 8.25, 8.75], "texture": "#0"},
				"south": {"uv": [5.75, 8.25, 6.5, 8.5], "texture": "#0"},
				"west": {"uv": [8.25, 8.5, 8.5, 8.75], "texture": "#0"},
				"up": {"uv": [9, 6, 8.25, 5.75], "texture": "#0"},
				"down": {"uv": [9, 6, 8.25, 6.25], "texture": "#0"}
			}
		},
		{
			"from": [4.98477, 25.73074, 7.49],
			"to": [8.00477, 26.75074, 8.51],
			"rotation": {"angle": 22.5, "axis": "z", "origin": [8.49477, 26.24074, 8]},
			"faces": {
				"north": {"uv": [8.25, 6.25, 9, 6.5], "texture": "#0"},
				"east": {"uv": [8.5, 8.25, 8.75, 8.5], "texture": "#0"},
				"south": {"uv": [6.5, 8.25, 7.25, 8.5], "texture": "#0"},
				"west": {"uv": [8.5, 8.5, 8.75, 8.75], "texture": "#0"},
				"up": {"uv": [9, 6.75, 8.25, 6.5], "texture": "#0"},
				"down": {"uv": [9, 6.75, 8.25, 7], "texture": "#0"}
			}
		},
		{
			"from": [5.5, 11.9, 7.5],
			"to": [10.5, 26.9, 8.5],
			"rotation": {"angle": 0, "axis": "y", "origin": [8, 5.9, 8]},
			"faces": {
				"north": {"uv": [3, 0, 4.25, 3.75], "texture": "#0"},
				"east": {"uv": [4.75, 5, 5, 8.75], "texture": "#0"},
				"south": {"uv": [0, 3.75, 1.25, 7.5], "texture": "#0"},
				"west": {"uv": [5.5, 0, 5.75, 3.75], "texture": "#0"},
				"up": {"uv": [8.25, 5, 7, 4.75], "texture": "#0"},
				"down": {"uv": [8.75, 1.75, 7.5, 2], "texture": "#0"}
			}
		},
		{
			"from": [5.8762, 11.98458, 7.49],
			"to": [7.8962, 17.00458, 8.51],
			"rotation": {"angle": 22.5, "axis": "z", "origin": [10.9862, 10.19458, 8.5]},
			"faces": {
				"north": {"uv": [6.5, 2.25, 7, 3.5], "texture": "#0"},
				"east": {"uv": [6, 7, 6.25, 8.25], "texture": "#0"},
				"south": {"uv": [6.25, 6.5, 6.75, 7.75], "texture": "#0"},
				"west": {"uv": [1, 7.5, 1.25, 8.75], "texture": "#0"},
				"up": {"uv": [7, 3.75, 6.5, 3.5], "texture": "#0"},
				"down": {"uv": [8.5, 8.25, 8, 8.5], "texture": "#0"}
			}
		},
		{
			"from": [8.1038, 11.98458, 7.49],
			"to": [10.1238, 17.00458, 8.51],
			"rotation": {"angle": -22.5, "axis": "z", "origin": [5.0138, 10.19458, 8.5]},
			"faces": {
				"north": {"uv": [6.75, 6.5, 7.25, 7.75], "texture": "#0"},
				"east": {"uv": [2.75, 7.5, 3, 8.75], "texture": "#0"},
				"south": {"uv": [1.25, 7, 1.75, 8.25], "texture": "#0"},
				"west": {"uv": [3, 7.5, 3.25, 8.75], "texture": "#0"},
				"up": {"uv": [0.5, 8.75, 0, 8.5], "texture": "#0"},
				"down": {"uv": [9, 0, 8.5, 0.25], "texture": "#0"}
			}
		},
		{
			"from": [7.6038, 12.48458, 7.99],
			"to": [10.6238, 17.50458, 8.01],
			"rotation": {"angle": -22.5, "axis": "z", "origin": [5.0138, 10.19458, 8.5]},
			"faces": {
				"north": {"uv": [5.5, 3.75, 6.25, 5], "texture": "#0"},
				"east": {"uv": [3.25, 7.5, 3.5, 8.75], "texture": "#0"},
				"south": {"uv": [5.5, 5, 6.25, 6.25], "texture": "#0"},
				"west": {"uv": [3.5, 7.5, 3.75, 8.75], "texture": "#0"},
				"up": {"uv": [9, 7.25, 8.25, 7], "texture": "#0"},
				"down": {"uv": [8, 8.25, 7.25, 8.5], "texture": "#0"}
			}
		},
		{
			"from": [5.3762, 12.48458, 7.99],
			"to": [8.3962, 17.50458, 8.01],
			"rotation": {"angle": 22.5, "axis": "z", "origin": [10.9862, 10.19458, 8.5]},
			"faces": {
				"north": {"uv": [5.75, 0, 6.5, 1.25], "texture": "#0"},
				"east": {"uv": [3.75, 7.5, 4, 8.75], "texture": "#0"},
				"south": {"uv": [5.75, 1.25, 6.5, 2.5], "texture": "#0"},
				"west": {"uv": [4, 7.5, 4.25, 8.75], "texture": "#0"},
				"up": {"uv": [9, 7.5, 8.25, 7.25], "texture": "#0"},
				"down": {"uv": [9, 7.5, 8.25, 7.75], "texture": "#0"}
			}
		},
		{
			"from": [4.0138, 9.89458, 7],
			"to": [8.0138, 12.89458, 9],
			"rotation": {"angle": -22.5, "axis": "z", "origin": [5.0138, 9.39458, 9]},
			"faces": {
				"north": {"uv": [6.25, 5.75, 7.25, 6.5], "texture": "#0"},
				"east": {"uv": [4.25, 7, 4.75, 7.75], "texture": "#0"},
				"south": {"uv": [6.5, 0, 7.5, 0.75], "texture": "#0"},
				"west": {"uv": [7.5, 1, 8, 1.75], "texture": "#0"},
				"up": {"uv": [6, 7.5, 5, 7], "texture": "#0"},
				"down": {"uv": [8.25, 5.75, 7.25, 6.25], "texture": "#0"}
			}
		},
		{
			"from": [7.9862, 9.89458, 7],
			"to": [11.9862, 12.89458, 9],
			"rotation": {"angle": 22.5, "axis": "z", "origin": [10.9862, 9.39458, 9]},
			"faces": {
				"north": {"uv": [6.5, 0.75, 7.5, 1.5], "texture": "#0"},
				"east": {"uv": [1.75, 7.5, 2.25, 8.25], "texture": "#0"},
				"south": {"uv": [6.5, 1.5, 7.5, 2.25], "texture": "#0"},
				"west": {"uv": [2.25, 7.5, 2.75, 8.25], "texture": "#0"},
				"up": {"uv": [8.25, 6.75, 7.25, 6.25], "texture": "#0"},
				"down": {"uv": [8.25, 6.75, 7.25, 7.25], "texture": "#0"}
			}
		},
		{
			"from": [8.97734, 8.23368, 7],
			"to": [12.97734, 9.23368, 9],
			"rotation": {"angle": 22.5, "axis": "z", "origin": [10.67734, 7.83368, 8]},
			"faces": {
				"north": {"uv": [8.25, 4, 9.25, 4.25], "texture": "#0"},
				"east": {"uv": [8.5, 0.25, 9, 0.5], "texture": "#0"},
				"south": {"uv": [8.25, 4.25, 9.25, 4.5], "texture": "#0"},
				"west": {"uv": [0.5, 8.5, 1, 8.75], "texture": "#0"},
				"up": {"uv": [8.25, 7.75, 7.25, 7.25], "texture": "#0"},
				"down": {"uv": [1, 7.5, 0, 8], "texture": "#0"}
			}
		},
		{
			"from": [8.92734, 9.18368, 6.95],
			"to": [14.02734, 10.28368, 9.05],
			"rotation": {"angle": 22.5, "axis": "z", "origin": [10.67734, 8.83368, 8]},
			"faces": {
				"north": {"uv": [7.5, 2, 8.75, 2.25], "texture": "#0"},
				"east": {"uv": [8.5, 0.5, 9, 0.75], "texture": "#0"},
				"south": {"uv": [7.5, 5, 8.75, 5.25], "texture": "#0"},
				"west": {"uv": [8.5, 0.75, 9, 1], "texture": "#0"},
				"up": {"uv": [3, 7.5, 1.75, 7], "texture": "#0"},
				"down": {"uv": [8.25, 2.25, 7, 2.75], "texture": "#0"}
			}
		},
		{
			"from": [3.02266, 8.23368, 7],
			"to": [7.02266, 9.23368, 9],
			"rotation": {"angle": -22.5, "axis": "z", "origin": [5.32266, 7.83368, 8]},
			"faces": {
				"north": {"uv": [8.25, 4.5, 9.25, 4.75], "texture": "#0"},
				"east": {"uv": [1.25, 8.5, 1.75, 8.75], "texture": "#0"},
				"south": {"uv": [8.25, 4.75, 9.25, 5], "texture": "#0"},
				"west": {"uv": [1.75, 8.5, 2.25, 8.75], "texture": "#0"},
				"up": {"uv": [8.5, 0.5, 7.5, 0], "texture": "#0"},
				"down": {"uv": [8.5, 0.5, 7.5, 1], "texture": "#0"}
			}
		},
		{
			"from": [1.97266, 9.18368, 6.95],
			"to": [7.07266, 10.28368, 9.05],
			"rotation": {"angle": -22.5, "axis": "z", "origin": [5.32266, 8.83368, 8]},
			"faces": {
				"north": {"uv": [7.5, 5.25, 8.75, 5.5], "texture": "#0"},
				"east": {"uv": [5, 8.5, 5.5, 8.75], "texture": "#0"},
				"south": {"uv": [7.5, 5.5, 8.75, 5.75], "texture": "#0"},
				"west": {"uv": [5.5, 8.5, 6, 8.75], "texture": "#0"},
				"up": {"uv": [8.25, 3.25, 7, 2.75], "texture": "#0"},
				"down": {"uv": [4.25, 7, 3, 7.5], "texture": "#0"}
			}
		},
		{
			"from": [5.45, 7.6169, 6.45],
			"to": [10.55, 12.7169, 9.55],
			"rotation": {"angle": -45, "axis": "z", "origin": [8, 10.1669, 8]},
			"faces": {
				"north": {"uv": [1.25, 3.75, 2.5, 5], "texture": "#0"},
				"east": {"uv": [5.75, 2.5, 6.5, 3.75], "texture": "#0"},
				"south": {"uv": [2.5, 3.75, 3.75, 5], "texture": "#0"},
				"west": {"uv": [6.25, 3.75, 7, 5], "texture": "#0"},
				"up": {"uv": [6.25, 7, 5, 6.25], "texture": "#0"},
				"down": {"uv": [7.5, 5, 6.25, 5.75], "texture": "#0"}
			}
		},
		{
			"from": [5, 8.9, 8],
			"to": [11, 23.9, 8],
			"rotation": {"angle": 0, "axis": "y", "origin": [8, 2.9, 8]},
			"faces": {
				"north": {"uv": [0, 0, 1.5, 3.75], "texture": "#0"},
				"east": {"uv": [0, 0, 0, 3.75], "texture": "#0"},
				"south": {"uv": [1.5, 0, 3, 3.75], "texture": "#0"},
				"west": {"uv": [0, 0, 0, 3.75], "texture": "#0"},
				"up": {"uv": [1.5, 0, 0, 0], "texture": "#0"},
				"down": {"uv": [1.5, 0, 0, 0], "texture": "#0"}
			}
		},
		{
			"from": [4.37745, 24.44074, 8],
			"to": [9.37745, 29.44074, 8],
			"rotation": {"angle": 22.5, "axis": "z", "origin": [8.87745, 25.94074, 8.5]},
			"faces": {
				"north": {"uv": [3.75, 3.75, 5, 5], "texture": "#0"},
				"east": {"uv": [0, 0, 0, 1.25], "texture": "#0"},
				"south": {"uv": [4.25, 0, 5.5, 1.25], "texture": "#0"},
				"west": {"uv": [0, 0, 0, 1.25], "texture": "#0"},
				"up": {"uv": [1.25, 0, 0, 0], "texture": "#0"},
				"down": {"uv": [1.25, 0, 0, 0], "texture": "#0"}
			}
		},
		{
			"from": [6.62255, 24.44074, 8],
			"to": [11.62255, 29.44074, 8],
			"rotation": {"angle": -22.5, "axis": "z", "origin": [7.12255, 25.94074, 8.5]},
			"faces": {
				"north": {"uv": [4.25, 1.25, 5.5, 2.5], "texture": "#0"},
				"east": {"uv": [0, 0, 0, 1.25], "texture": "#0"},
				"south": {"uv": [4.25, 2.5, 5.5, 3.75], "texture": "#0"},
				"west": {"uv": [0, 0, 0, 1.25], "texture": "#0"},
				"up": {"uv": [1.25, 0, 0, 0], "texture": "#0"},
				"down": {"uv": [1.25, 0, 0, 0], "texture": "#0"}
			}
		}
	],
	"gui_light": "front",
	"display": {
		"thirdperson_righthand": {
			"rotation": [0, -90, 0],
			"translation": [0, 0.75, 0.75],
			"scale": [0.78, 0.78, 0.78]
		},
		"thirdperson_lefthand": {
			"rotation": [0, -90, 0],
			"translation": [0, 0.75, 0.75],
			"scale": [0.78, 0.78, 0.78]
		},
		"firstperson_righthand": {
			"rotation": [17.5, 90, 0],
			"translation": [1, 1.5, 0.75],
			"scale": [0.6, 0.6, 0.6]
		},
		"firstperson_lefthand": {
			"rotation": [17.5, 90, 0],
			"translation": [1, 1.5, 0.75],
			"scale": [0.6, 0.6, 0.6]
		},
		"ground": {
			"rotation": [72, 22, 0],
			"translation": [0, 0, -3],
			"scale": [0.5, 0.5, 0.5]
		},
		"gui": {
			"rotation": [0, 0, -45],
			"translation": [-3.25, -3.25, 0],
			"scale": [0.6, 0.6, 0.6]
		},
		"fixed": {
			"rotation": [0, 0, 45],
			"translation": [4.25, -4.25, 0],
			"scale": [0.8, 0.8, 0.8]
		}
	},
	"groups": [
		{
			"name": "group",
			"origin": [8, 8, 8],
			"color": 0,
			"children": [0, 1, 2, 3, 4, 5, 6, 7, 8, 9, 10, 11, 12, 13, 14, 15, 16, 17, 18, 19, 20, 21, 22, 23]
		}
	]
}