{"display":{"thirdperson_righthand":{"rotation":[0,0,-4],"translation":[0,1.25,0],"scale":[0.8,0.8,0.8]},"thirdperson_lefthand":{"rotation":[0,0,-4],"translation":[0,1.25,0],"scale":[0.8,0.8,0.8]},"firstperson_righthand":{"rotation":[0,-5,0],"translation":[2.25,0,1],"scale":[0.8,0.8,0.8]},"firstperson_lefthand":{"rotation":[0,-5,0],"translation":[2.25,0,1],"scale":[0.8,0.8,0.8]},"ground":{"rotation":[16,5,29],"translation":[0,1.5,0],"scale":[0.5,0.5,0.5]},"gui":{"rotation":[-90,135,90],"translation":[0,-1.25,0],"scale":[0.6,0.6,0.6]},"head":{"translation":[0,0.5,0]},"fixed":{"rotation":[90,-45,90],"translation":[1.25,-1.25,0]}},"texture_size":[128,128],"textures":{"0":"item/hoplite/shrink_ray/standby","particle":"item/hoplite/shrink_ray/standby"},"elements":[{"from":[4.5,7,-2.75],"to":[11.5,14,-0.75],"rotation":{"angle":45,"axis":"z","origin":[8,10.5,-1.75]},"faces":{"north":{"uv":[4.75,1.25,5.625,2.125],"texture":"#0"},"east":{"uv":[1.5,8.875,1.75,9.75],"texture":"#0"},"south":{"uv":[4.875,2.125,5.75,3],"texture":"#0"},"west":{"uv":[2,8.875,2.25,9.75],"texture":"#0"},"up":{"uv":[9.75,3,8.875,2.75],"texture":"#0"},"down":{"uv":[9.5,8.875,8.625,9.125],"texture":"#0"}}},{"from":[4.4,6.9,-2.85],"to":[11.6,14.1,-0.65],"rotation":{"angle":45,"axis":"z","origin":[8,10.5,-1.75]},"faces":{"north":{"uv":[1.875,4.625,2.75,5.5],"texture":"#0"},"east":{"uv":[7.5,8.625,7.75,9.5],"texture":"#0"},"south":{"uv":[2.75,4.625,3.625,5.5],"texture":"#0"},"west":{"uv":[8.375,8.75,8.625,9.625],"texture":"#0"},"up":{"uv":[9.5,7.375,8.625,7.125],"texture":"#0"},"down":{"uv":[9.75,2.5,8.875,2.75],"texture":"#0"}}},{"from":[3.3,5.8,8.05],"to":[12.7,15.2,10.45],"rotation":{"angle":0,"axis":"y","origin":[8.5,8,1.25]},"faces":{"north":{"uv":[2.375,1.125,3.5,2.25],"texture":"#0"},"east":{"uv":[2.875,7.5,3.125,8.625],"texture":"#0"},"south":{"uv":[2.375,2.25,3.5,3.375],"texture":"#0"},"west":{"uv":[7.75,4.875,8,6],"texture":"#0"},"up":{"uv":[8.625,7.375,7.5,7.125],"texture":"#0"},"down":{"uv":[8.75,2.25,7.625,2.5],"texture":"#0"}}},{"from":[3.5,6,0.25],"to":[12.5,15,10.25],"rotation":{"angle":0,"axis":"y","origin":[8.5,8,1.25]},"faces":{"north":{"uv":[0,2.25,1.125,3.375],"texture":"#0"},"east":{"uv":[0,0,1.25,1.125],"texture":"#0"},"south":{"uv":[2.375,0,3.5,1.125],"texture":"#0"},"west":{"uv":[0,1.125,1.25,2.25],"texture":"#0"},"up":{"uv":[2.375,1.25,1.25,0],"texture":"#0"},"down":{"uv":[2.375,1.25,1.25,2.5],"texture":"#0"}}},{"from":[1.98447,7.98447,-3.73],"to":[4.94447,12.94447,6.23],"rotation":{"angle":-22.5,"axis":"z","origin":[8,10.46447,1.25]},"faces":{"north":{"uv":[0,8.625,0.375,9.25],"texture":"#0"},"east":{"uv":[3.625,3.75,4.875,4.375],"texture":"#0"},"south":{"uv":[8.625,3.5,9,4.125],"texture":"#0"},"west":{"uv":[4.125,0,5.375,0.625],"texture":"#0"},"up":{"uv":[4,8.5,3.625,7.25],"texture":"#0"},"down":{"uv":[4.375,7.25,4,8.5],"texture":"#0"}}},{"from":[1.96447,7.96447,-4.75],"to":[2.96447,12.96447,4.25],"rotation":{"angle":-22.5,"axis":"z","origin":[8,10.46447,0.25]},"faces":{"north":{"uv":[3.5,2.5,3.625,3.125],"texture":"#0"},"east":{"uv":[4.875,4.125,6,4.75],"texture":"#0"},"south":{"uv":[7,5.375,7.125,6],"texture":"#0"},"west":{"uv":[4.875,4.75,6,5.375],"texture":"#0"},"up":{"uv":[0.375,10.375,0.25,9.25],"texture":"#0"},"down":{"uv":[2.375,9.375,2.25,10.5],"texture":"#0"}}},{"from":[1.96447,7.96447,5.25],"to":[3.96447,12.96447,8.25],"rotation":{"angle":22.5,"axis":"z","origin":[8,10.46447,3.25]},"faces":{"north":{"uv":[7,9.25,7.25,9.875],"texture":"#0"},"east":{"uv":[0.75,8.875,1.125,9.5],"texture":"#0"},"south":{"uv":[7.25,9.25,7.5,9.875],"texture":"#0"},"west":{"uv":[1.125,8.875,1.5,9.5],"texture":"#0"},"up":{"uv":[9.75,4.625,9.5,4.25],"texture":"#0"},"down":{"uv":[7.75,9.5,7.5,9.875],"texture":"#0"}}},{"from":[1.96447,7.96447,-4.75],"to":[2.96447,12.96447,4.25],"rotation":{"angle":22.5,"axis":"z","origin":[8,10.46447,0.25]},"faces":{"north":{"uv":[3.125,9.625,3.25,10.25],"texture":"#0"},"east":{"uv":[5.375,0.625,6.5,1.25],"texture":"#0"},"south":{"uv":[3.25,9.625,3.375,10.25],"texture":"#0"},"west":{"uv":[4.75,5.375,5.875,6],"texture":"#0"},"up":{"uv":[2.75,10.5,2.625,9.375],"texture":"#0"},"down":{"uv":[2.875,9.375,2.75,10.5],"texture":"#0"}}},{"from":[1.98447,7.98447,-3.73],"to":[4.94447,12.94447,6.23],"rotation":{"angle":22.5,"axis":"z","origin":[8,10.46447,1.25]},"faces":{"north":{"uv":[8.25,4.25,8.625,4.875],"texture":"#0"},"east":{"uv":[1.125,2.5,2.375,3.125],"texture":"#0"},"south":{"uv":[8.375,0.5,8.75,1.125],"texture":"#0"},"west":{"uv":[1.125,3.125,2.375,3.75],"texture":"#0"},"up":{"uv":[3.625,8,3.25,6.75],"texture":"#0"},"down":{"uv":[1,7.25,0.625,8.5],"texture":"#0"}}},{"from":[5.52,13.52,-3.73],"to":[10.48,16.48,6.23],"rotation":{"angle":22.5,"axis":"z","origin":[8,10.46447,0.25]},"faces":{"north":{"uv":[8.5,3.125,9.125,3.5],"texture":"#0"},"east":{"uv":[7.5,6,8.75,6.375],"texture":"#0"},"south":{"uv":[4,8.5,4.625,8.875],"texture":"#0"},"west":{"uv":[7.5,6.375,8.75,6.75],"texture":"#0"},"up":{"uv":[4.25,3.75,3.625,2.5],"texture":"#0"},"down":{"uv":[1.25,3.75,0.625,5],"texture":"#0"}}},{"from":[5.5,14.5,5.25],"to":[10.5,16.5,8.25],"rotation":{"angle":22.5,"axis":"z","origin":[8,10.46447,3.25]},"faces":{"north":{"uv":[9.375,0,10,0.25],"texture":"#0"},"east":{"uv":[0.375,9.5,0.75,9.75],"texture":"#0"},"south":{"uv":[9.375,0.25,10,0.5],"texture":"#0"},"west":{"uv":[0.75,9.5,1.125,9.75],"texture":"#0"},"up":{"uv":[9.375,6.625,8.75,6.25],"texture":"#0"},"down":{"uv":[9.375,6.625,8.75,7],"texture":"#0"}}},{"from":[5.5,15.5,-4.75],"to":[10.5,16.5,4.25],"rotation":{"angle":22.5,"axis":"z","origin":[8,10.46447,0.25]},"faces":{"north":{"uv":[2.5,6.625,3.125,6.75],"texture":"#0"},"east":{"uv":[8.75,7,9.875,7.125],"texture":"#0"},"south":{"uv":[7.75,0.625,8.375,0.75],"texture":"#0"},"west":{"uv":[9.125,5.75,10.25,5.875],"texture":"#0"},"up":{"uv":[0.625,5.75,0,4.625],"texture":"#0"},"down":{"uv":[5.5,3,4.875,4.125],"texture":"#0"}}},{"from":[5.5,14.5,5.25],"to":[10.5,16.5,8.25],"rotation":{"angle":-22.5,"axis":"z","origin":[8,10.46447,3.25]},"faces":{"north":{"uv":[8.625,9.125,9.25,9.375],"texture":"#0"},"east":{"uv":[9.375,5.125,9.75,5.375],"texture":"#0"},"south":{"uv":[9.25,4,9.875,4.25],"texture":"#0"},"west":{"uv":[9.375,5.875,9.75,6.125],"texture":"#0"},"up":{"uv":[9.25,4.875,8.625,4.5],"texture":"#0"},"down":{"uv":[7.125,8.625,6.5,9],"texture":"#0"}}},{"from":[5.5,15.5,-4.75],"to":[10.5,16.5,4.25],"rotation":{"angle":-22.5,"axis":"z","origin":[8,10.46447,0.25]},"faces":{"north":{"uv":[8,5.875,8.625,6],"texture":"#0"},"east":{"uv":[9.375,0.875,10.5,1],"texture":"#0"},"south":{"uv":[9.375,5.375,10,5.5],"texture":"#0"},"west":{"uv":[9.375,2.125,10.5,2.25],"texture":"#0"},"up":{"uv":[1.25,6.125,0.625,5],"texture":"#0"},"down":{"uv":[1.875,5,1.25,6.125],"texture":"#0"}}},{"from":[13.03553,7.96447,-4.75],"to":[14.03553,12.96447,4.25],"rotation":{"angle":22.5,"axis":"z","origin":[8,10.46447,0.25]},"faces":{"north":{"uv":[2.375,7.75,2.5,8.375],"texture":"#0"},"east":{"uv":[3.625,5,4.75,5.625],"texture":"#0"},"south":{"uv":[1.375,9.5,1.5,10.125],"texture":"#0"},"west":{"uv":[5.375,0,6.5,0.625],"texture":"#0"},"up":{"uv":[2.5,10.5,2.375,9.375],"texture":"#0"},"down":{"uv":[2.625,9.375,2.5,10.5],"texture":"#0"}}},{"from":[12.03553,7.96447,5.25],"to":[14.03553,12.96447,8.25],"rotation":{"angle":22.5,"axis":"z","origin":[8,10.46447,3.25]},"faces":{"north":{"uv":[0,9.25,0.25,9.875],"texture":"#0"},"east":{"uv":[7.125,8.625,7.5,9.25],"texture":"#0"},"south":{"uv":[1.75,9.25,2,9.875],"texture":"#0"},"west":{"uv":[8.625,8.25,9,8.875],"texture":"#0"},"up":{"uv":[4.75,6,4.5,5.625],"texture":"#0"},"down":{"uv":[7.125,3.75,6.875,4.125],"texture":"#0"}}},{"from":[11.05553,7.98447,-3.73],"to":[14.01553,12.94447,6.23],"rotation":{"angle":22.5,"axis":"z","origin":[8,10.46447,1.25]},"faces":{"north":{"uv":[5.75,8.625,6.125,9.25],"texture":"#0"},"east":{"uv":[4.125,0.625,5.375,1.25],"texture":"#0"},"south":{"uv":[6.125,8.625,6.5,9.25],"texture":"#0"},"west":{"uv":[3.625,4.375,4.875,5],"texture":"#0"},"up":{"uv":[4.75,8.5,4.375,7.25],"texture":"#0"},"down":{"uv":[2.875,7.5,2.5,8.75],"texture":"#0"}}},{"from":[12.03553,7.96447,5.25],"to":[14.03553,12.96447,8.25],"rotation":{"angle":-22.5,"axis":"z","origin":[8,10.46447,3.25]},"faces":{"north":{"uv":[9.25,4.25,9.5,4.875],"texture":"#0"},"east":{"uv":[8.75,0,9.125,0.625],"texture":"#0"},"south":{"uv":[5.75,9.25,6,9.875],"texture":"#0"},"west":{"uv":[8.75,1.5,9.125,2.125],"texture":"#0"},"up":{"uv":[9.625,6.5,9.375,6.125],"texture":"#0"},"down":{"uv":[9.625,6.5,9.375,6.875],"texture":"#0"}}},{"from":[11.05553,7.98447,-3.73],"to":[14.01553,12.94447,6.23],"rotation":{"angle":-22.5,"axis":"z","origin":[8,10.46447,1.25]},"faces":{"north":{"uv":[8.5,2.5,8.875,3.125],"texture":"#0"},"east":{"uv":[3.5,1.25,4.75,1.875],"texture":"#0"},"south":{"uv":[3.625,8.5,4,9.125],"texture":"#0"},"west":{"uv":[3.5,1.875,4.75,2.5],"texture":"#0"},"up":{"uv":[1.375,8.5,1,7.25],"texture":"#0"},"down":{"uv":[1.75,7.25,1.375,8.5],"texture":"#0"}}},{"from":[13.03553,7.96447,-4.75],"to":[14.03553,12.96447,4.25],"rotation":{"angle":-22.5,"axis":"z","origin":[8,10.46447,0.25]},"faces":{"north":{"uv":[3.375,9.625,3.5,10.25],"texture":"#0"},"east":{"uv":[5.625,1.25,6.75,1.875],"texture":"#0"},"south":{"uv":[4,9.625,4.125,10.25],"texture":"#0"},"west":{"uv":[5.75,1.875,6.875,2.5],"texture":"#0"},"up":{"uv":[3,10.5,2.875,9.375],"texture":"#0"},"down":{"uv":[3.125,9.375,3,10.5],"texture":"#0"}}},{"from":[5.5,4.42893,-4.75],"to":[10.5,5.42893,4.25],"rotation":{"angle":22.5,"axis":"z","origin":[8,10.46447,0.25]},"faces":{"north":{"uv":[9.5,4.75,10.125,4.875],"texture":"#0"},"east":{"uv":[9.375,4.875,10.5,5],"texture":"#0"},"south":{"uv":[9.5,7.125,10.125,7.25],"texture":"#0"},"west":{"uv":[9.375,5,10.5,5.125],"texture":"#0"},"up":{"uv":[6.125,4.125,5.5,3],"texture":"#0"},"down":{"uv":[3.75,5.625,3.125,6.75],"texture":"#0"}}},{"from":[5.5,4.42893,5.25],"to":[10.5,6.42893,8.25],"rotation":{"angle":22.5,"axis":"z","origin":[8,10.46447,3.25]},"faces":{"north":{"uv":[9.25,8.125,9.875,8.375],"texture":"#0"},"east":{"uv":[8,9.375,8.375,9.625],"texture":"#0"},"south":{"uv":[9.25,8.375,9.875,8.625],"texture":"#0"},"west":{"uv":[8.625,9.375,9,9.625],"texture":"#0"},"up":{"uv":[9.375,1,8.75,0.625],"texture":"#0"},"down":{"uv":[9.375,2.125,8.75,2.5],"texture":"#0"}}},{"from":[5.52,4.44893,-3.73],"to":[10.48,7.40893,6.23],"rotation":{"angle":22.5,"axis":"z","origin":[8,10.46447,1.25]},"faces":{"north":{"uv":[8.375,1.125,9,1.5],"texture":"#0"},"east":{"uv":[7.125,0.75,8.375,1.125],"texture":"#0"},"south":{"uv":[8,8.375,8.625,8.75],"texture":"#0"},"west":{"uv":[7.25,2.5,8.5,2.875],"texture":"#0"},"up":{"uv":[0.625,4.625,0,3.375],"texture":"#0"},"down":{"uv":[3,3.375,2.375,4.625],"texture":"#0"}}},{"from":[5.52,4.44893,-3.73],"to":[10.48,7.40893,6.23],"rotation":{"angle":-22.5,"axis":"z","origin":[8,10.46447,1.25]},"faces":{"north":{"uv":[0.5,8.5,1.125,8.875],"texture":"#0"},"east":{"uv":[7.25,2.875,8.5,3.25],"texture":"#0"},"south":{"uv":[1.125,8.5,1.75,8.875],"texture":"#0"},"west":{"uv":[7.25,3.25,8.5,3.625],"texture":"#0"},"up":{"uv":[3.625,4.625,3,3.375],"texture":"#0"},"down":{"uv":[4.125,0,3.5,1.25],"texture":"#0"}}},{"from":[5.5,4.42893,-4.75],"to":[10.5,5.42893,4.25],"rotation":{"angle":-22.5,"axis":"z","origin":[8,10.46447,0.25]},"faces":{"north":{"uv":[9.375,6.875,10,7],"texture":"#0"},"east":{"uv":[9.375,2.25,10.5,2.375],"texture":"#0"},"south":{"uv":[9.5,4.625,10.125,4.75],"texture":"#0"},"west":{"uv":[9.375,2.375,10.5,2.5],"texture":"#0"},"up":{"uv":[2.5,6.625,1.875,5.5],"texture":"#0"},"down":{"uv":[3.125,5.5,2.5,6.625],"texture":"#0"}}},{"from":[5.5,4.42893,5.25],"to":[10.5,6.42893,8.25],"rotation":{"angle":-22.5,"axis":"z","origin":[8,10.46447,3.25]},"faces":{"north":{"uv":[9.25,8.625,9.875,8.875],"texture":"#0"},"east":{"uv":[9,9.375,9.375,9.625],"texture":"#0"},"south":{"uv":[9.25,9.125,9.875,9.375],"texture":"#0"},"west":{"uv":[9.375,9.375,9.75,9.625],"texture":"#0"},"up":{"uv":[3,9.125,2.375,8.75],"texture":"#0"},"down":{"uv":[9.375,5.875,8.75,6.25],"texture":"#0"}}},{"from":[1.97447,7.97447,-4.74],"to":[3.95447,12.95447,4.24],"rotation":{"angle":22.5,"axis":"z","origin":[8,10.46447,0.25]},"faces":{"north":{"uv":[9.125,0,9.375,0.625],"texture":"#0"},"east":{"uv":[6,4.125,7.125,4.75],"texture":"#0"},"south":{"uv":[9.125,1.375,9.375,2],"texture":"#0"},"west":{"uv":[6,4.75,7.125,5.375],"texture":"#0"},"up":{"uv":[5.5,9,5.25,7.875],"texture":"#0"},"down":{"uv":[5.75,7.875,5.5,9],"texture":"#0"}}},{"from":[1.97447,7.97447,-4.74],"to":[3.95447,12.95447,4.24],"rotation":{"angle":-22.5,"axis":"z","origin":[8,10.46447,0.25]},"faces":{"north":{"uv":[6.75,9,7,9.625],"texture":"#0"},"east":{"uv":[5.875,5.375,7,6],"texture":"#0"},"south":{"uv":[9,8.25,9.25,8.875],"texture":"#0"},"west":{"uv":[3.75,6,4.875,6.625],"texture":"#0"},"up":{"uv":[5,9,4.75,7.875],"texture":"#0"},"down":{"uv":[5.25,7.875,5,9],"texture":"#0"}}},{"from":[1.96447,7.96447,5.25],"to":[3.96447,12.96447,8.25],"rotation":{"angle":-22.5,"axis":"z","origin":[8,10.46447,3.25]},"faces":{"north":{"uv":[6,9.25,6.25,9.875],"texture":"#0"},"east":{"uv":[8,8.75,8.375,9.375],"texture":"#0"},"south":{"uv":[6.25,9.25,6.5,9.875],"texture":"#0"},"west":{"uv":[0.375,8.875,0.75,9.5],"texture":"#0"},"up":{"uv":[9.75,1.375,9.5,1],"texture":"#0"},"down":{"uv":[1.375,9.5,1.125,9.875],"texture":"#0"}}},{"from":[5.51,4.43893,-4.74],"to":[10.49,6.41893,4.24],"rotation":{"angle":-22.5,"axis":"z","origin":[8,10.46447,0.25]},"faces":{"north":{"uv":[9,7.375,9.625,7.625],"texture":"#0"},"east":{"uv":[5.75,7.875,6.875,8.125],"texture":"#0"},"south":{"uv":[9,7.625,9.625,7.875],"texture":"#0"},"west":{"uv":[6.875,7.875,8,8.125],"texture":"#0"},"up":{"uv":[0.625,6.875,0,5.75],"texture":"#0"},"down":{"uv":[5.5,6,4.875,7.125],"texture":"#0"}}},{"from":[5.51,4.43893,-4.74],"to":[10.49,6.41893,4.24],"rotation":{"angle":22.5,"axis":"z","origin":[8,10.46447,0.25]},"faces":{"north":{"uv":[2.25,9.125,2.875,9.375],"texture":"#0"},"east":{"uv":[7.875,7.375,9,7.625],"texture":"#0"},"south":{"uv":[2.875,9.125,3.5,9.375],"texture":"#0"},"west":{"uv":[7.875,7.625,9,7.875],"texture":"#0"},"up":{"uv":[6.125,7.125,5.5,6],"texture":"#0"},"down":{"uv":[1.25,6.125,0.625,7.25],"texture":"#0"}}},{"from":[12.04553,7.97447,-4.74],"to":[14.02553,12.95447,4.24],"rotation":{"angle":-22.5,"axis":"z","origin":[8,10.46447,0.25]},"faces":{"north":{"uv":[3.5,9.125,3.75,9.75],"texture":"#0"},"east":{"uv":[6.125,2.5,7.25,3.125],"texture":"#0"},"south":{"uv":[3.75,9.125,4,9.75],"texture":"#0"},"west":{"uv":[6.125,3.125,7.25,3.75],"texture":"#0"},"up":{"uv":[3.375,9.125,3.125,8],"texture":"#0"},"down":{"uv":[3.625,8,3.375,9.125],"texture":"#0"}}},{"from":[12.04553,7.97447,-4.74],"to":[14.02553,12.95447,3.24],"rotation":{"angle":22.5,"axis":"z","origin":[8,10.46447,0.25]},"faces":{"north":{"uv":[9.125,4.875,9.375,5.5],"texture":"#0"},"east":{"uv":[3.75,6.625,4.75,7.25],"texture":"#0"},"south":{"uv":[7.75,9.125,8,9.75],"texture":"#0"},"west":{"uv":[6.75,1.125,7.75,1.75],"texture":"#0"},"up":{"uv":[8,9.125,7.75,8.125],"texture":"#0"},"down":{"uv":[2,8.25,1.75,9.25],"texture":"#0"}}},{"from":[5.51,14.51,-4.74],"to":[10.49,16.49,4.24],"rotation":{"angle":-22.5,"axis":"z","origin":[8,10.46447,0.25]},"faces":{"north":{"uv":[9.125,3,9.75,3.25],"texture":"#0"},"east":{"uv":[8,4.875,9.125,5.125],"texture":"#0"},"south":{"uv":[9.125,3.25,9.75,3.5],"texture":"#0"},"west":{"uv":[8,5.125,9.125,5.375],"texture":"#0"},"up":{"uv":[1.875,7.25,1.25,6.125],"texture":"#0"},"down":{"uv":[6.75,6,6.125,7.125],"texture":"#0"}}},{"from":[5.51,14.51,-4.74],"to":[10.49,16.49,4.24],"rotation":{"angle":22.5,"axis":"z","origin":[8,10.46447,0.25]},"faces":{"north":{"uv":[9.125,5.5,9.75,5.75],"texture":"#0"},"east":{"uv":[8,5.375,9.125,5.625],"texture":"#0"},"south":{"uv":[9.125,7.875,9.75,8.125],"texture":"#0"},"west":{"uv":[8,5.625,9.125,5.875],"texture":"#0"},"up":{"uv":[7.125,1.125,6.5,0],"texture":"#0"},"down":{"uv":[2.5,6.625,1.875,7.75],"texture":"#0"}}},{"from":[5.52,13.52,-3.73],"to":[10.48,16.48,6.23],"rotation":{"angle":-22.5,"axis":"z","origin":[8,10.46447,0.25]},"faces":{"north":{"uv":[8.5,7.875,9.125,8.25],"texture":"#0"},"east":{"uv":[6.625,7.5,7.875,7.875],"texture":"#0"},"south":{"uv":[8.625,4.125,9.25,4.5],"texture":"#0"},"west":{"uv":[7.5,6.75,8.75,7.125],"texture":"#0"},"up":{"uv":[1.875,5,1.25,3.75],"texture":"#0"},"down":{"uv":[4.875,2.5,4.25,3.75],"texture":"#0"}}},{"from":[6.5,3,1.25],"to":[9.5,5,6.25],"rotation":{"angle":0,"axis":"y","origin":[8.5,6,2.25]},"faces":{"north":{"uv":[1.875,4.375,2.25,4.625],"texture":"#0"},"east":{"uv":[9,3.5,9.625,3.75],"texture":"#0"},"south":{"uv":[3.125,9.375,3.5,9.625],"texture":"#0"},"west":{"uv":[9,3.75,9.625,4],"texture":"#0"},"up":{"uv":[2.375,8.875,2,8.25],"texture":"#0"},"down":{"uv":[8.625,3.625,8.25,4.25],"texture":"#0"}}},{"from":[4.5,7.5,11.25],"to":[5.5,11.5,15.25],"rotation":{"angle":0,"axis":"y","origin":[9.5,9.5,9.25]},"faces":{"north":{"uv":[4.75,6.625,4.875,7.125],"texture":"#0"},"east":{"uv":[5.75,8.125,6.25,8.625],"texture":"#0"},"south":{"uv":[3.625,6.75,3.75,7.25],"texture":"#0"},"west":{"uv":[6.25,8.125,6.75,8.625],"texture":"#0"},"up":{"uv":[1.875,7.75,1.75,7.25],"texture":"#0"},"down":{"uv":[3.25,7.5,3.125,8],"texture":"#0"}}},{"from":[10.5,7.5,11.25],"to":[11.5,11.5,15.25],"rotation":{"angle":0,"axis":"y","origin":[6.5,9.5,9.25]},"faces":{"north":{"uv":[3,8.625,3.125,9.125],"texture":"#0"},"east":{"uv":[6.75,8.125,7.25,8.625],"texture":"#0"},"south":{"uv":[4.375,9.625,4.5,10.125],"texture":"#0"},"west":{"uv":[7.25,8.125,7.75,8.625],"texture":"#0"},"up":{"uv":[4.625,10.125,4.5,9.625],"texture":"#0"},"down":{"uv":[4.75,9.625,4.625,10.125],"texture":"#0"}}},{"from":[7,0.9,9.4],"to":[9,6.9,11.4],"rotation":{"angle":-22.5,"axis":"x","origin":[8,3.9,10.4]},"faces":{"north":{"uv":[4,8.875,4.25,9.625],"texture":"#0"},"east":{"uv":[4.25,8.875,4.5,9.625],"texture":"#0"},"south":{"uv":[4.5,8.875,4.75,9.625],"texture":"#0"},"west":{"uv":[4.75,9,5,9.75],"texture":"#0"},"up":{"uv":[9.75,9.125,9.5,8.875],"texture":"#0"},"down":{"uv":[9.875,3.5,9.625,3.75],"texture":"#0"}}},{"from":[6.9,0.8,9.3],"to":[9.1,7,11.5],"rotation":{"angle":-22.5,"axis":"x","origin":[8,3.9,10.4]},"faces":{"north":{"uv":[5,9,5.25,9.75],"texture":"#0"},"east":{"uv":[5.25,9,5.5,9.75],"texture":"#0"},"south":{"uv":[5.5,9,5.75,9.75],"texture":"#0"},"west":{"uv":[6.5,9,6.75,9.75],"texture":"#0"},"up":{"uv":[9.875,4,9.625,3.75],"texture":"#0"},"down":{"uv":[4.375,9.625,4.125,9.875],"texture":"#0"}}},{"from":[5.5,6.5,10.25],"to":[10.5,12.5,16.25],"rotation":{"angle":0,"axis":"y","origin":[8,10,13.75]},"faces":{"north":{"uv":[0,6.875,0.625,7.625],"texture":"#0"},"east":{"uv":[2.5,6.75,3.25,7.5],"texture":"#0"},"south":{"uv":[7.125,0,7.75,0.75],"texture":"#0"},"west":{"uv":[6.75,6,7.5,6.75],"texture":"#0"},"up":{"uv":[7.75,4.5,7.125,3.75],"texture":"#0"},"down":{"uv":[7.75,4.5,7.125,5.25],"texture":"#0"}}},{"from":[6.5,8,16.25],"to":[9.5,11,17.25],"rotation":{"angle":0,"axis":"y","origin":[7.5,8,18.25]},"faces":{"north":{"uv":[5.75,2.5,6.125,2.875],"texture":"#0"},"east":{"uv":[4.75,2.125,4.875,2.5],"texture":"#0"},"south":{"uv":[9.375,0.5,9.75,0.875],"texture":"#0"},"west":{"uv":[4.75,5,4.875,5.375],"texture":"#0"},"up":{"uv":[3.5,5.625,3.125,5.5],"texture":"#0"},"down":{"uv":[6.125,2.875,5.75,3],"texture":"#0"}}},{"from":[6.5,8,22.25],"to":[9.5,11,23.25],"rotation":{"angle":0,"axis":"y","origin":[7.5,8,24.25]},"faces":{"north":{"uv":[9.375,1.375,9.75,1.75],"texture":"#0"},"east":{"uv":[6.625,7.125,6.75,7.5],"texture":"#0"},"south":{"uv":[9.375,1.75,9.75,2.125],"texture":"#0"},"west":{"uv":[0.5,8.125,0.625,8.5],"texture":"#0"},"up":{"uv":[7.625,3.75,7.25,3.625],"texture":"#0"},"down":{"uv":[7.875,7.375,7.5,7.5],"texture":"#0"}}},{"from":[8,11.5,9.35],"to":[8,14.5,13.35],"rotation":{"angle":-22.5,"axis":"x","origin":[8,13.5,11.35]},"faces":{"north":{"uv":[0,0,0,0.375],"texture":"#0"},"east":{"uv":[0.625,3.375,1.125,3.75],"texture":"#0"},"south":{"uv":[0,0,0,0.375],"texture":"#0"},"west":{"uv":[9,1,9.5,1.375],"texture":"#0"},"up":{"uv":[0,0.5,0,0],"texture":"#0"},"down":{"uv":[0,0,0,0.5],"texture":"#0"}}},{"from":[8,16.03806,-0.45866],"to":[8,19.03806,5.54134],"rotation":{"angle":0,"axis":"y","origin":[8,17.53806,3.54134]},"faces":{"north":{"uv":[0,0,0,0.375],"texture":"#0"},"east":{"uv":[3.75,5.625,4.5,6],"texture":"#0"},"south":{"uv":[0,0,0,0.375],"texture":"#0"},"west":{"uv":[6.125,3.75,6.875,4.125],"texture":"#0"},"up":{"uv":[0,0.75,0,0],"texture":"#0"},"down":{"uv":[0,0,0,0.75],"texture":"#0"}}},{"from":[6,7.5,17.25],"to":[10,11.5,22.25],"rotation":{"angle":0,"axis":"y","origin":[8,7.5,19.25]},"faces":{"north":{"uv":[8,7.875,8.5,8.375],"texture":"#0"},"east":{"uv":[0,7.625,0.625,8.125],"texture":"#0"},"south":{"uv":[0,8.125,0.5,8.625],"texture":"#0"},"west":{"uv":[7.625,1.75,8.25,2.25],"texture":"#0"},"up":{"uv":[2.375,4.375,1.875,3.75],"texture":"#0"},"down":{"uv":[8.25,0,7.75,0.625],"texture":"#0"}}},{"from":[5.3,6.3,10.05],"to":[10.7,12.7,16.45],"rotation":{"angle":0,"axis":"y","origin":[8,10,13.75]},"faces":{"north":{"uv":[4.75,7.125,5.375,7.875],"texture":"#0"},"east":{"uv":[6.75,6.75,7.5,7.5],"texture":"#0"},"south":{"uv":[7.125,5.25,7.75,6],"texture":"#0"},"west":{"uv":[6.875,1.75,7.625,2.5],"texture":"#0"},"up":{"uv":[6,7.875,5.375,7.125],"texture":"#0"},"down":{"uv":[6.625,7.125,6,7.875],"texture":"#0"}}},{"name":"cube_outline","from":[10.2,11.7,22.45],"to":[5.8,7.3,17.05],"rotation":{"angle":0,"axis":"y","origin":[8,7.5,19.25]},"faces":{"north":{"uv":[8.25,0,8.75,0.5],"texture":"#0"},"east":{"uv":[7.75,1.125,8.375,1.625],"texture":"#0"},"south":{"uv":[8.25,1.625,8.75,2.125],"texture":"#0"},"west":{"uv":[1.75,7.75,2.375,8.25],"texture":"#0"},"up":{"uv":[8.25,4.25,7.75,3.625],"texture":"#0"},"down":{"uv":[8.25,4.25,7.75,4.875],"texture":"#0"}}}],"gui_light":"front"}