{
    "model": {
      "type": "range_dispatch",
      "property": "custom_model_data",
      "entries": [
        {
          "threshold": 1,
          "model": {
            "type": "model",
            "model": "item/flesh_sword"
          }
        },
        {
          "threshold": 2,
          "model": {
            "type": "model",
            "model": "item/gambling_blade"
          }
        },
        {
          "threshold": 10000,
          "model": {
            "type": "model",
            "model": "item/hoplite/cloud_sword"
          }
        }
      ],
      "fallback": {
        "type": "model",
        "model": "item/netherite_sword"
      }
    }
  }