{
    "model": {
      "type": "range_dispatch",
      "property": "custom_model_data",
      "entries": [
        {
          "threshold": 1,
          "model": {
            "type": "model",
            "model": "item/hoplite/mjolnir"
          }
        },
        {
          "threshold": 2,
          "model": {
            "type": "model",
            "model": "item/hoplite/golem_hammer"
          }
        }
      ],
      "fallback": {
        "type": "model",
        "model": "item/stone_axe"
      }
    }
  }