{
	"format_version": "1.21.6",
	"credit": "Made with Blockbench",
	"texture_size": [64, 64],
	"textures": {
		"0": "item/furnace_sword_off",
		"particle": "item/furnace_sword_off"
	},
	"elements": [
		{
			"from": [7, 2, 7],
			"to": [9, 8, 9],
			"rotation": {"angle": 0, "axis": "y", "origin": [7, 2, 7]},
			"faces": {
				"north": {"uv": [5, 5.75, 5.5, 7.25], "texture": "#0"},
				"east": {"uv": [5.5, 5.75, 6, 7.25], "texture": "#0"},
				"south": {"uv": [6, 1, 6.5, 2.5], "texture": "#0"},
				"west": {"uv": [6, 5.75, 6.5, 7.25], "texture": "#0"},
				"up": {"uv": [1.75, 8.25, 1.25, 7.75], "texture": "#0"},
				"down": {"uv": [2.25, 7.75, 1.75, 8.25], "texture": "#0"}
			}
		},
		{
			"from": [6.9, 1.9, 6.9],
			"to": [9.1, 8, 9.1],
			"rotation": {"angle": 0, "axis": "y", "origin": [7, 2, 7]},
			"faces": {
				"north": {"uv": [1.25, 6.25, 1.75, 7.75], "texture": "#0"},
				"east": {"uv": [1.75, 6.25, 2.25, 7.75], "texture": "#0"},
				"south": {"uv": [2.25, 6.25, 2.75, 7.75], "texture": "#0"},
				"west": {"uv": [6.25, 2.5, 6.75, 4], "texture": "#0"},
				"up": {"uv": [2.75, 8.25, 2.25, 7.75], "texture": "#0"},
				"down": {"uv": [8.25, 2.5, 7.75, 3], "texture": "#0"}
			}
		},
		{
			"from": [4.4, 11, 6.5],
			"to": [11.6, 12.9, 9.5],
			"rotation": {"angle": 0, "axis": "y", "origin": [7, 11, 7]},
			"faces": {
				"north": {"uv": [5.5, 0, 7.25, 0.5], "texture": "#0"},
				"east": {"uv": [7.25, 4, 8, 4.5], "texture": "#0"},
				"south": {"uv": [5.5, 0.5, 7.25, 1], "texture": "#0"},
				"west": {"uv": [7.25, 4.5, 8, 5], "texture": "#0"},
				"up": {"uv": [6, 2, 4.25, 1.25], "texture": "#0"},
				"down": {"uv": [6, 2, 4.25, 2.75], "texture": "#0"}
			}
		},
		{
			"from": [5.5, 8, 6.25],
			"to": [10.5, 11.5, 9.75],
			"rotation": {"angle": 0, "axis": "y", "origin": [7, 8, 7]},
			"faces": {
				"north": {"uv": [4.25, 2.75, 5.5, 3.75], "texture": "#0"},
				"east": {"uv": [2.5, 5.25, 3.5, 6.25], "texture": "#0"},
				"south": {"uv": [5, 3.75, 6.25, 4.75], "texture": "#0"},
				"west": {"uv": [3.5, 5.25, 4.5, 6.25], "texture": "#0"},
				"up": {"uv": [6.25, 5.75, 5, 4.75], "texture": "#0"},
				"down": {"uv": [2.5, 5.25, 1.25, 6.25], "texture": "#0"}
			}
		},
		{
			"from": [2, 8.5, 7.2501],
			"to": [6, 10, 8.7481],
			"rotation": {"angle": 0, "axis": "y", "origin": [3, 7.75, 7]},
			"faces": {
				"north": {"uv": [3.5, 7, 4.5, 7.5], "texture": "#0"},
				"east": {"uv": [7.25, 5, 7.5, 5.5], "texture": "#0"},
				"south": {"uv": [6.5, 7, 7.5, 7.5], "texture": "#0"},
				"west": {"uv": [3.25, 7.75, 3.5, 8.25], "texture": "#0"},
				"up": {"uv": [8.75, 3.25, 7.75, 3], "texture": "#0"},
				"down": {"uv": [8, 7.75, 7, 8], "texture": "#0"}
			}
		},
		{
			"from": [1.1, 9.7, 7.25],
			"to": [3.1, 11.2, 8.75],
			"rotation": {"angle": -45, "axis": "z", "origin": [1.1, 10.45, 8]},
			"faces": {
				"north": {"uv": [2.75, 7.75, 3.25, 8.25], "texture": "#0"},
				"east": {"uv": [0, 8, 0.5, 8.5], "texture": "#0"},
				"south": {"uv": [0.5, 8, 1, 8.5], "texture": "#0"},
				"west": {"uv": [8, 1, 8.5, 1.5], "texture": "#0"},
				"up": {"uv": [8.5, 2, 8, 1.5], "texture": "#0"},
				"down": {"uv": [8.5, 2, 8, 2.5], "texture": "#0"}
			}
		},
		{
			"from": [1, 9.6, 7.15],
			"to": [3.1, 11.3, 8.85],
			"rotation": {"angle": -45, "axis": "z", "origin": [1.1, 10.45, 8]},
			"faces": {
				"north": {"uv": [8, 3.25, 8.5, 3.75], "texture": "#0"},
				"east": {"uv": [8, 3.75, 8.5, 4.25], "texture": "#0"},
				"south": {"uv": [8, 4.25, 8.5, 4.75], "texture": "#0"},
				"west": {"uv": [8, 4.75, 8.5, 5.25], "texture": "#0"},
				"up": {"uv": [5.5, 8.5, 5, 8], "texture": "#0"},
				"down": {"uv": [8.5, 5.25, 8, 5.75], "texture": "#0"}
			}
		},
		{
			"from": [3.15711, 8.94289, 6.501],
			"to": [7.15711, 11.94289, 9.499],
			"rotation": {"angle": -35, "axis": "z", "origin": [5.15711, 10.44289, 8]},
			"faces": {
				"north": {"uv": [2.75, 6.25, 3.75, 7], "texture": "#0"},
				"east": {"uv": [5.5, 2.75, 6.25, 3.5], "texture": "#0"},
				"south": {"uv": [6.25, 4, 7.25, 4.75], "texture": "#0"},
				"west": {"uv": [3.75, 6.25, 4.5, 7], "texture": "#0"},
				"up": {"uv": [7.25, 5.5, 6.25, 4.75], "texture": "#0"},
				"down": {"uv": [7.5, 1, 6.5, 1.75], "texture": "#0"}
			}
		},
		{
			"from": [1.90049, 11.07293, 7.251],
			"to": [3.40049, 14.07293, 8.749],
			"rotation": {"angle": 45, "axis": "z", "origin": [2.65049, 12.59793, 8]},
			"faces": {
				"north": {"uv": [5, 7.25, 5.5, 8], "texture": "#0"},
				"east": {"uv": [4, 8.25, 4.25, 9], "texture": "#0"},
				"south": {"uv": [5.5, 7.25, 6, 8], "texture": "#0"},
				"west": {"uv": [4.25, 8.25, 4.5, 9], "texture": "#0"},
				"up": {"uv": [6, 1.25, 5.5, 1], "texture": "#0"},
				"down": {"uv": [9, 6, 8.5, 6.25], "texture": "#0"}
			}
		},
		{
			"from": [1.80049, 11.07293, 7.151],
			"to": [3.50049, 14.17293, 8.849],
			"rotation": {"angle": 45, "axis": "z", "origin": [2.65049, 12.59793, 8]},
			"faces": {
				"north": {"uv": [6, 7.25, 6.5, 8], "texture": "#0"},
				"east": {"uv": [7.5, 1, 8, 1.75], "texture": "#0"},
				"south": {"uv": [7.5, 1.75, 8, 2.5], "texture": "#0"},
				"west": {"uv": [7.5, 3.25, 8, 4], "texture": "#0"},
				"up": {"uv": [6, 8.5, 5.5, 8], "texture": "#0"},
				"down": {"uv": [8.5, 5.75, 8, 6.25], "texture": "#0"}
			}
		},
		{
			"from": [8.84289, 8.94289, 6.501],
			"to": [12.84289, 11.94289, 9.499],
			"rotation": {"angle": 35, "axis": "z", "origin": [10.84289, 10.44289, 8]},
			"faces": {
				"north": {"uv": [6.5, 1.75, 7.5, 2.5], "texture": "#0"},
				"east": {"uv": [6.75, 3.25, 7.5, 4], "texture": "#0"},
				"south": {"uv": [6.5, 5.5, 7.5, 6.25], "texture": "#0"},
				"west": {"uv": [2.75, 7, 3.5, 7.75], "texture": "#0"},
				"up": {"uv": [7.5, 7, 6.5, 6.25], "texture": "#0"},
				"down": {"uv": [7.75, 2.5, 6.75, 3.25], "texture": "#0"}
			}
		},
		{
			"from": [10, 8.5, 7.2501],
			"to": [14, 10, 8.7481],
			"rotation": {"angle": 0, "axis": "y", "origin": [13, 7.75, 7]},
			"faces": {
				"north": {"uv": [7.25, 0, 8.25, 0.5], "texture": "#0"},
				"east": {"uv": [8.5, 6.75, 8.75, 7.25], "texture": "#0"},
				"south": {"uv": [7.25, 0.5, 8.25, 1], "texture": "#0"},
				"west": {"uv": [7, 8.5, 7.25, 9], "texture": "#0"},
				"up": {"uv": [9, 6.5, 8, 6.25], "texture": "#0"},
				"down": {"uv": [9, 6.5, 8, 6.75], "texture": "#0"}
			}
		},
		{
			"from": [12.9, 9.6, 7.15],
			"to": [15, 11.3, 8.85],
			"rotation": {"angle": 45, "axis": "z", "origin": [14.9, 10.45, 8]},
			"faces": {
				"north": {"uv": [6, 8, 6.5, 8.5], "texture": "#0"},
				"east": {"uv": [8, 6.75, 8.5, 7.25], "texture": "#0"},
				"south": {"uv": [7, 8, 7.5, 8.5], "texture": "#0"},
				"west": {"uv": [7.5, 8, 8, 8.5], "texture": "#0"},
				"up": {"uv": [8.5, 8.25, 8, 7.75], "texture": "#0"},
				"down": {"uv": [8.75, 0, 8.25, 0.5], "texture": "#0"}
			}
		},
		{
			"from": [12.15035, 11.16362, 7.151],
			"to": [13.85035, 14.26362, 8.849],
			"rotation": {"angle": -40, "axis": "z", "origin": [13.05035, 12.16362, 8]},
			"faces": {
				"north": {"uv": [3.5, 7.5, 4, 8.25], "texture": "#0"},
				"east": {"uv": [4, 7.5, 4.5, 8.25], "texture": "#0"},
				"south": {"uv": [7.5, 5, 8, 5.75], "texture": "#0"},
				"west": {"uv": [7.5, 5.75, 8, 6.5], "texture": "#0"},
				"up": {"uv": [8.75, 1, 8.25, 0.5], "texture": "#0"},
				"down": {"uv": [1.5, 8.25, 1, 8.75], "texture": "#0"}
			}
		},
		{
			"from": [12.9, 9.7, 7.25],
			"to": [14.9, 11.2, 8.75],
			"rotation": {"angle": 45, "axis": "z", "origin": [14.9, 10.45, 8]},
			"faces": {
				"north": {"uv": [1.5, 8.25, 2, 8.75], "texture": "#0"},
				"east": {"uv": [2, 8.25, 2.5, 8.75], "texture": "#0"},
				"south": {"uv": [2.5, 8.25, 3, 8.75], "texture": "#0"},
				"west": {"uv": [8.25, 2.5, 8.75, 3], "texture": "#0"},
				"up": {"uv": [3.5, 8.75, 3, 8.25], "texture": "#0"},
				"down": {"uv": [4, 8.25, 3.5, 8.75], "texture": "#0"}
			}
		},
		{
			"from": [12.25035, 11.16362, 7.251],
			"to": [13.75035, 14.16362, 8.749],
			"rotation": {"angle": -40, "axis": "z", "origin": [13.05035, 12.16362, 8]},
			"faces": {
				"north": {"uv": [6.5, 7.5, 7, 8.25], "texture": "#0"},
				"east": {"uv": [6.5, 8.25, 6.75, 9], "texture": "#0"},
				"south": {"uv": [7.5, 6.5, 8, 7.25], "texture": "#0"},
				"west": {"uv": [6.75, 8.25, 7, 9], "texture": "#0"},
				"up": {"uv": [7.75, 8.75, 7.25, 8.5], "texture": "#0"},
				"down": {"uv": [8.25, 8.5, 7.75, 8.75], "texture": "#0"}
			}
		},
		{
			"from": [5, 12.9, 8],
			"to": [11, 28.9, 8],
			"rotation": {"angle": 0, "axis": "y", "origin": [8, 7.9, 8]},
			"faces": {
				"north": {"uv": [0, 0, 1.5, 4], "texture": "#0"},
				"east": {"uv": [0, 0, 0, 4], "texture": "#0"},
				"south": {"uv": [1.5, 0, 3, 4], "texture": "#0"},
				"west": {"uv": [0, 0, 0, 4], "texture": "#0"},
				"up": {"uv": [1.5, 0, 0, 0], "texture": "#0"},
				"down": {"uv": [1.5, 0, 0, 0], "texture": "#0"}
			}
		},
		{
			"from": [6.62255, 26.44074, 8],
			"to": [11.62255, 31.44074, 8],
			"rotation": {"angle": -22.5, "axis": "z", "origin": [7.12255, 27.94074, 8.5]},
			"faces": {
				"north": {"uv": [1.25, 4, 2.5, 5.25], "texture": "#0"},
				"east": {"uv": [0, 0, 0, 1.25], "texture": "#0"},
				"south": {"uv": [2.5, 4, 3.75, 5.25], "texture": "#0"},
				"west": {"uv": [0, 0, 0, 1.25], "texture": "#0"},
				"up": {"uv": [1.25, 0, 0, 0], "texture": "#0"},
				"down": {"uv": [1.25, 0, 0, 0], "texture": "#0"}
			}
		},
		{
			"from": [6.98523, 28.72074, 7.48],
			"to": [11.02523, 29.76074, 8.52],
			"rotation": {"angle": -22.5, "axis": "z", "origin": [7.50523, 28.24074, 8]},
			"faces": {
				"north": {"uv": [8.25, 7.5, 9.25, 7.75], "texture": "#0"},
				"east": {"uv": [6, 2.5, 6.25, 2.75], "texture": "#0"},
				"south": {"uv": [8, 8.25, 9, 8.5], "texture": "#0"},
				"west": {"uv": [6.25, 5.5, 6.5, 5.75], "texture": "#0"},
				"up": {"uv": [1, 8.75, 0, 8.5], "texture": "#0"},
				"down": {"uv": [9.5, 1, 8.5, 1.25], "texture": "#0"}
			}
		},
		{
			"from": [4.97477, 28.72074, 7.48],
			"to": [9.01477, 29.76074, 8.52],
			"rotation": {"angle": 22.5, "axis": "z", "origin": [8.49477, 28.24074, 8]},
			"faces": {
				"north": {"uv": [8.5, 1.25, 9.5, 1.5], "texture": "#0"},
				"east": {"uv": [1, 8, 1.25, 8.25], "texture": "#0"},
				"south": {"uv": [8.5, 1.5, 9.5, 1.75], "texture": "#0"},
				"west": {"uv": [8.5, 7.75, 8.75, 8], "texture": "#0"},
				"up": {"uv": [9.5, 2, 8.5, 1.75], "texture": "#0"},
				"down": {"uv": [9.5, 2, 8.5, 2.25], "texture": "#0"}
			}
		},
		{
			"from": [4.98477, 27.73074, 7.49],
			"to": [8.00477, 28.75074, 8.51],
			"rotation": {"angle": 22.5, "axis": "z", "origin": [8.49477, 28.24074, 8]},
			"faces": {
				"north": {"uv": [4.25, 3.75, 5, 4], "texture": "#0"},
				"east": {"uv": [8.5, 8, 8.75, 8.25], "texture": "#0"},
				"south": {"uv": [5.5, 3.5, 6.25, 3.75], "texture": "#0"},
				"west": {"uv": [8.25, 8.5, 8.5, 8.75], "texture": "#0"},
				"up": {"uv": [5.75, 8.75, 5, 8.5], "texture": "#0"},
				"down": {"uv": [9.25, 5, 8.5, 5.25], "texture": "#0"}
			}
		},
		{
			"from": [6.97523, 29.71074, 7.47],
			"to": [11.03523, 30.77074, 8.53],
			"rotation": {"angle": -22.5, "axis": "z", "origin": [7.50523, 28.24074, 8]},
			"faces": {
				"north": {"uv": [8.5, 2.25, 9.5, 2.5], "texture": "#0"},
				"east": {"uv": [8.5, 8.5, 8.75, 8.75], "texture": "#0"},
				"south": {"uv": [8.5, 3.25, 9.5, 3.5], "texture": "#0"},
				"west": {"uv": [0, 8.75, 0.25, 9], "texture": "#0"},
				"up": {"uv": [9.5, 3.75, 8.5, 3.5], "texture": "#0"},
				"down": {"uv": [9.5, 3.75, 8.5, 4], "texture": "#0"}
			}
		},
		{
			"from": [4.96477, 29.71074, 7.47],
			"to": [9.02477, 30.77074, 8.53],
			"rotation": {"angle": 22.5, "axis": "z", "origin": [8.49477, 28.24074, 8]},
			"faces": {
				"north": {"uv": [8.5, 4, 9.5, 4.25], "texture": "#0"},
				"east": {"uv": [8.75, 0, 9, 0.25], "texture": "#0"},
				"south": {"uv": [8.5, 4.25, 9.5, 4.5], "texture": "#0"},
				"west": {"uv": [0.25, 8.75, 0.5, 9], "texture": "#0"},
				"up": {"uv": [9.5, 4.75, 8.5, 4.5], "texture": "#0"},
				"down": {"uv": [9.5, 4.75, 8.5, 5], "texture": "#0"}
			}
		},
		{
			"from": [7.99523, 27.73074, 7.49],
			"to": [11.01523, 28.75074, 8.51],
			"rotation": {"angle": -22.5, "axis": "z", "origin": [7.50523, 28.24074, 8]},
			"faces": {
				"north": {"uv": [8.5, 5.25, 9.25, 5.5], "texture": "#0"},
				"east": {"uv": [8.75, 0.25, 9, 0.5], "texture": "#0"},
				"south": {"uv": [8.5, 5.5, 9.25, 5.75], "texture": "#0"},
				"west": {"uv": [0.5, 8.75, 0.75, 9], "texture": "#0"},
				"up": {"uv": [6.5, 8.75, 5.75, 8.5], "texture": "#0"},
				"down": {"uv": [9.25, 5.75, 8.5, 6], "texture": "#0"}
			}
		},
		{
			"from": [5.5, 12.9, 7.5],
			"to": [10.5, 28.9, 8.5],
			"rotation": {"angle": 0, "axis": "y", "origin": [8, 7.9, 8]},
			"faces": {
				"north": {"uv": [3, 0, 4.25, 4], "texture": "#0"},
				"east": {"uv": [4.5, 5.25, 4.75, 9.25], "texture": "#0"},
				"south": {"uv": [0, 4, 1.25, 8], "texture": "#0"},
				"west": {"uv": [4.75, 5.25, 5, 9.25], "texture": "#0"},
				"up": {"uv": [8.25, 7.75, 7, 7.5], "texture": "#0"},
				"down": {"uv": [8.75, 7.25, 7.5, 7.5], "texture": "#0"}
			}
		},
		{
			"from": [4.37745, 26.44074, 8],
			"to": [9.37745, 31.44074, 8],
			"rotation": {"angle": 22.5, "axis": "z", "origin": [8.87745, 27.94074, 8.5]},
			"faces": {
				"north": {"uv": [3.75, 4, 5, 5.25], "texture": "#0"},
				"east": {"uv": [0, 0, 0, 1.25], "texture": "#0"},
				"south": {"uv": [4.25, 0, 5.5, 1.25], "texture": "#0"},
				"west": {"uv": [0, 0, 0, 1.25], "texture": "#0"},
				"up": {"uv": [1.25, 0, 0, 0], "texture": "#0"},
				"down": {"uv": [1.25, 0, 0, 0], "texture": "#0"}
			}
		},
		{
			"from": [12.59951, 11.07293, 7.251],
			"to": [14.09951, 14.07293, 8.749],
			"rotation": {"angle": -45, "axis": "z", "origin": [13.34951, 12.59793, 8]},
			"faces": {
				"north": {"uv": [5.5, 7.25, 5, 8], "texture": "#0"},
				"east": {"uv": [4.5, 8.25, 4.25, 9], "texture": "#0"},
				"south": {"uv": [6, 7.25, 5.5, 8], "texture": "#0"},
				"west": {"uv": [4.25, 8.25, 4, 9], "texture": "#0"},
				"up": {"uv": [5.5, 1.25, 6, 1], "texture": "#0"},
				"down": {"uv": [8.5, 6, 9, 6.25], "texture": "#0"}
			}
		},
		{
			"from": [12.49951, 11.07293, 7.151],
			"to": [14.19951, 14.17293, 8.849],
			"rotation": {"angle": -45, "axis": "z", "origin": [13.34951, 12.59793, 8]},
			"faces": {
				"north": {"uv": [6.5, 7.25, 6, 8], "texture": "#0"},
				"east": {"uv": [8, 3.25, 7.5, 4], "texture": "#0"},
				"south": {"uv": [8, 1.75, 7.5, 2.5], "texture": "#0"},
				"west": {"uv": [8, 1, 7.5, 1.75], "texture": "#0"},
				"up": {"uv": [5.5, 8.5, 6, 8], "texture": "#0"},
				"down": {"uv": [8, 5.75, 8.5, 6.25], "texture": "#0"}
			}
		}
	],
	"groups": [
		{
			"name": "group",
			"origin": [8, 8, 8],
			"color": 0,
			"children": [0, 1, 2, 3, 4, 5, 6, 7, 8, 9, 10, 11, 12, 13, 14, 15, 16, 17, 18, 19, 20, 21, 22, 23, 24, 25, 26, 27]
		}
	]
}