{
    "model": {
      "type": "range_dispatch",
      "property": "custom_model_data",
      "entries": [
        {
          "threshold": 1,
          "model": {
            "type": "model",
            "model": "item/random_kit"
          }
        },
        {
          "threshold": 2,
          "model": {
            "type": "model",
            "model": "item/random_totem"
          }
        },
        {
          "threshold": 3,
          "model": {
            "type": "model",
            "model": "item/legendary_case"
          }
        }
      ],
      "fallback": {
        "type": "model",
        "model": "item/nether_star"
      }
    }
  }