{
	"format_version": "1.21.6",
	"credit": "Made with Blockbench",
	"texture_size": [64, 64],
	"textures": {
		"2": "item/flesh_sword_tex",
		"particle": "item/flesh_sword_tex"
	},
	"elements": [
		{
			"from": [8.39784, 20.25, 7.2],
			"to": [8.89784, 26.75, 8.8],
			"rotation": {"angle": 22.5, "axis": "z", "origin": [7.39784, 22.25, 8.04784]},
			"faces": {
				"north": {"uv": [2, 6.25, 2.25, 8], "texture": "#2"},
				"east": {"uv": [4.5, 0.5, 5, 2.25], "texture": "#2"},
				"south": {"uv": [2.25, 6.25, 2.5, 8], "texture": "#2"},
				"west": {"uv": [2, 4.5, 2.5, 6.25], "texture": "#2"},
				"up": {"uv": [6.5, 7.25, 6.25, 6.75], "texture": "#2"},
				"down": {"uv": [6.75, 6.75, 6.5, 7.25], "texture": "#2"}
			}
		},
		{
			"from": [6.49784, 21, 7.2],
			"to": [7.04784, 27.05, 8.8],
			"rotation": {"angle": 0, "axis": "y", "origin": [9.25, 19.35, 8.04784]},
			"faces": {
				"north": {"uv": [0.5, 6.5, 0.75, 8], "texture": "#2"},
				"east": {"uv": [0.5, 5, 1, 6.5], "texture": "#2"},
				"south": {"uv": [0.75, 6.5, 1, 8], "texture": "#2"},
				"west": {"uv": [5, 0.5, 5.5, 2], "texture": "#2"},
				"up": {"uv": [7, 7.25, 6.75, 6.75], "texture": "#2"},
				"down": {"uv": [1.75, 7, 1.5, 7.5], "texture": "#2"}
			}
		},
		{
			"from": [3.79784, 8.25, 6.89784],
			"to": [6.79784, 26.6, 6.89784],
			"rotation": {"angle": -22.5, "axis": "y", "origin": [5.29784, 15.8, 6.89784]},
			"faces": {
				"north": {"uv": [0, 0, 0.75, 4.5], "texture": "#2"},
				"east": {"uv": [0, 0, 0, 4.5], "texture": "#2"},
				"south": {"uv": [0.75, 0, 1.5, 4.5], "texture": "#2"},
				"west": {"uv": [0, 0, 0, 4.5], "texture": "#2"},
				"up": {"uv": [0.75, 0, 0, 0], "texture": "#2"},
				"down": {"uv": [0.75, 0, 0, 0], "texture": "#2"}
			}
		},
		{
			"from": [3.79784, 8.25, 9.19784],
			"to": [6.79784, 26.6, 9.19784],
			"rotation": {"angle": 22.5, "axis": "y", "origin": [5.29784, 15.925, 9.19784]},
			"faces": {
				"north": {"uv": [1.5, 0, 2.25, 4.5], "texture": "#2"},
				"east": {"uv": [0, 0, 0, 4.5], "texture": "#2"},
				"south": {"uv": [2.25, 0, 3, 4.5], "texture": "#2"},
				"west": {"uv": [0, 0, 0, 4.5], "texture": "#2"},
				"up": {"uv": [0.75, 0, 0, 0], "texture": "#2"},
				"down": {"uv": [0.75, 0, 0, 0], "texture": "#2"}
			}
		},
		{
			"from": [7, 0, 7.2],
			"to": [9, 6, 8.8],
			"faces": {
				"north": {"uv": [1, 5, 1.5, 6.5], "texture": "#2"},
				"east": {"uv": [1.5, 5, 2, 6.5], "texture": "#2"},
				"south": {"uv": [5, 2, 5.5, 3.5], "texture": "#2"},
				"west": {"uv": [5, 3.5, 5.5, 5], "texture": "#2"},
				"up": {"uv": [2, 7, 1.5, 6.5], "texture": "#2"},
				"down": {"uv": [5.5, 6.5, 5, 7], "texture": "#2"}
			}
		},
		{
			"from": [6.9, -0.1, 7.1],
			"to": [9.1, 6, 8.9],
			"faces": {
				"north": {"uv": [5, 5, 5.5, 6.5], "texture": "#2"},
				"east": {"uv": [5.5, 0.5, 6, 2], "texture": "#2"},
				"south": {"uv": [5.5, 2, 6, 3.5], "texture": "#2"},
				"west": {"uv": [5.5, 3.5, 6, 5], "texture": "#2"},
				"up": {"uv": [7.25, 3.5, 6.75, 3], "texture": "#2"},
				"down": {"uv": [7.25, 3.5, 6.75, 4], "texture": "#2"}
			}
		},
		{
			"from": [6.5, 4.5, 6.7],
			"to": [9.5, 7.5, 9.3],
			"rotation": {"angle": -45, "axis": "z", "origin": [8, 6, 8]},
			"faces": {
				"north": {"uv": [6, 2.5, 6.75, 3.25], "texture": "#2"},
				"east": {"uv": [6, 3.25, 6.75, 4], "texture": "#2"},
				"south": {"uv": [6, 4, 6.75, 4.75], "texture": "#2"},
				"west": {"uv": [6, 4.75, 6.75, 5.5], "texture": "#2"},
				"up": {"uv": [6.75, 6.25, 6, 5.5], "texture": "#2"},
				"down": {"uv": [6.25, 6.25, 5.5, 7], "texture": "#2"}
			}
		},
		{
			"from": [7.6, 5, 6.69],
			"to": [8.4, 7, 6.69],
			"rotation": {"angle": 0, "axis": "y", "origin": [8, 6, 5.6]},
			"faces": {
				"north": {"uv": [1.75, 7, 2, 7.5], "texture": "#2"},
				"east": {"uv": [0, 0, 0, 0.5], "texture": "#2"},
				"south": {"uv": [3, 7, 3.25, 7.5], "texture": "#2"},
				"west": {"uv": [0, 0, 0, 0.5], "texture": "#2"},
				"up": {"uv": [0.25, 0, 0, 0], "texture": "#2"},
				"down": {"uv": [0.25, 0, 0, 0], "texture": "#2"}
			}
		},
		{
			"from": [7.6, 5, 9.31],
			"to": [8.4, 7, 9.31],
			"rotation": {"angle": 0, "axis": "y", "origin": [8, 6, 10.3]},
			"faces": {
				"north": {"uv": [3.25, 7, 3.5, 7.5], "texture": "#2"},
				"east": {"uv": [0, 0, 0, 0.5], "texture": "#2"},
				"south": {"uv": [3.5, 7, 3.75, 7.5], "texture": "#2"},
				"west": {"uv": [0, 0, 0, 0.5], "texture": "#2"},
				"up": {"uv": [0.25, 0, 0, 0], "texture": "#2"},
				"down": {"uv": [0.25, 0, 0, 0], "texture": "#2"}
			}
		},
		{
			"from": [6.5, 7, 7.2],
			"to": [7.5, 21, 8.8],
			"faces": {
				"north": {"uv": [4.5, 2.25, 4.75, 5.75], "texture": "#2"},
				"east": {"uv": [3, 0, 3.5, 3.5], "texture": "#2"},
				"south": {"uv": [2.5, 4.5, 2.75, 8], "texture": "#2"},
				"west": {"uv": [3.5, 0, 4, 3.5], "texture": "#2"},
				"up": {"uv": [4, 7.5, 3.75, 7], "texture": "#2"},
				"down": {"uv": [4.25, 7, 4, 7.5], "texture": "#2"}
			}
		},
		{
			"from": [8.55, 7, 7.2],
			"to": [9.55, 21, 8.8],
			"faces": {
				"north": {"uv": [2.75, 4.5, 3, 8], "texture": "#2"},
				"east": {"uv": [3, 3.5, 3.5, 7], "texture": "#2"},
				"south": {"uv": [4.75, 2.25, 5, 5.75], "texture": "#2"},
				"west": {"uv": [3.5, 3.5, 4, 7], "texture": "#2"},
				"up": {"uv": [4.5, 7.5, 4.25, 7], "texture": "#2"},
				"down": {"uv": [4.75, 7, 4.5, 7.5], "texture": "#2"}
			}
		},
		{
			"from": [7.5, 7, 7.22],
			"to": [8.55, 21, 8.78],
			"rotation": {"angle": 0, "axis": "y", "origin": [-2, 0, 0]},
			"faces": {
				"north": {"uv": [0, 5, 0.25, 8.5], "texture": "#2"},
				"east": {"uv": [4, 0, 4.5, 3.5], "texture": "#2"},
				"south": {"uv": [0.25, 5, 0.5, 8.5], "texture": "#2"},
				"west": {"uv": [4, 3.5, 4.5, 7], "texture": "#2"},
				"up": {"uv": [5, 7.5, 4.75, 7], "texture": "#2"},
				"down": {"uv": [5.25, 7, 5, 7.5], "texture": "#2"}
			}
		},
		{
			"from": [7.5, 21, 7.22],
			"to": [8.55, 23, 8.78],
			"rotation": {"angle": 0, "axis": "y", "origin": [-1.6, 4, 0]},
			"faces": {
				"north": {"uv": [5.25, 7, 5.5, 7.5], "texture": "#2"},
				"east": {"uv": [6.75, 4, 7.25, 4.5], "texture": "#2"},
				"south": {"uv": [5.5, 7, 5.75, 7.5], "texture": "#2"},
				"west": {"uv": [6.75, 4.5, 7.25, 5], "texture": "#2"},
				"up": {"uv": [6, 7.5, 5.75, 7], "texture": "#2"},
				"down": {"uv": [6.25, 7, 6, 7.5], "texture": "#2"}
			}
		},
		{
			"from": [7.5, 23, 7.22],
			"to": [7.8, 25, 8.78],
			"rotation": {"angle": 0, "axis": "y", "origin": [-1.6, 6, 0]},
			"faces": {
				"north": {"uv": [7, 6.75, 7.25, 7.25], "texture": "#2"},
				"east": {"uv": [6.75, 5, 7.25, 5.5], "texture": "#2"},
				"south": {"uv": [7.25, 0.5, 7.5, 1], "texture": "#2"},
				"west": {"uv": [6.75, 5.5, 7.25, 6], "texture": "#2"},
				"up": {"uv": [7.5, 1.5, 7.25, 1], "texture": "#2"},
				"down": {"uv": [7.5, 1.5, 7.25, 2], "texture": "#2"}
			}
		},
		{
			"from": [7.8, 23, 7.22],
			"to": [8.2, 24, 8.78],
			"rotation": {"angle": 0, "axis": "y", "origin": [-1.3, 6, 0]},
			"faces": {
				"north": {"uv": [7.5, 0.75, 7.75, 1], "texture": "#2"},
				"east": {"uv": [6.75, 6, 7.25, 6.25], "texture": "#2"},
				"south": {"uv": [7.5, 1, 7.75, 1.25], "texture": "#2"},
				"west": {"uv": [7.25, 2, 7.75, 2.25], "texture": "#2"},
				"up": {"uv": [7.5, 3.5, 7.25, 3], "texture": "#2"},
				"down": {"uv": [7.5, 3.5, 7.25, 4], "texture": "#2"}
			}
		},
		{
			"from": [8.55, 21, 7.2],
			"to": [9.05, 22.1, 8.8],
			"rotation": {"angle": 0, "axis": "y", "origin": [-0.6, 4, 0]},
			"faces": {
				"north": {"uv": [7.5, 1.25, 7.75, 1.5], "texture": "#2"},
				"east": {"uv": [7.25, 2.25, 7.75, 2.5], "texture": "#2"},
				"south": {"uv": [1.5, 7.5, 1.75, 7.75], "texture": "#2"},
				"west": {"uv": [7.25, 4, 7.75, 4.25], "texture": "#2"},
				"up": {"uv": [7.5, 4.75, 7.25, 4.25], "texture": "#2"},
				"down": {"uv": [7.5, 4.75, 7.25, 5.25], "texture": "#2"}
			}
		},
		{
			"from": [7.05, 21, 7.2],
			"to": [7.5, 25.9, 8.8],
			"rotation": {"angle": 0, "axis": "y", "origin": [-2.65, 4, 0]},
			"faces": {
				"north": {"uv": [1, 6.5, 1.25, 7.75], "texture": "#2"},
				"east": {"uv": [5.5, 5, 6, 6.25], "texture": "#2"},
				"south": {"uv": [1.25, 6.5, 1.5, 7.75], "texture": "#2"},
				"west": {"uv": [4.5, 5.75, 5, 7], "texture": "#2"},
				"up": {"uv": [7.5, 5.75, 7.25, 5.25], "texture": "#2"},
				"down": {"uv": [7.5, 5.75, 7.25, 6.25], "texture": "#2"}
			}
		},
		{
			"from": [4.25, 6, 7],
			"to": [11.75, 7.2, 9],
			"rotation": {"angle": 0, "axis": "y", "origin": [8, 9, 8]},
			"faces": {
				"north": {"uv": [6.25, 6.25, 8.25, 6.5], "texture": "#2"},
				"east": {"uv": [6.25, 7.25, 6.75, 7.5], "texture": "#2"},
				"south": {"uv": [6.5, 0, 8.5, 0.25], "texture": "#2"},
				"west": {"uv": [6.75, 7.25, 7.25, 7.5], "texture": "#2"},
				"up": {"uv": [2, 5, 0, 4.5], "texture": "#2"},
				"down": {"uv": [6.5, 0, 4.5, 0.5], "texture": "#2"}
			}
		},
		{
			"from": [3.18261, 5.41123, 7.1],
			"to": [7.68261, 6.66123, 8.9],
			"rotation": {"angle": -22.5, "axis": "z", "origin": [5.68261, 6.03623, 8]},
			"faces": {
				"north": {"uv": [6.5, 0.25, 7.75, 0.5], "texture": "#2"},
				"east": {"uv": [7.25, 6.75, 7.75, 7], "texture": "#2"},
				"south": {"uv": [6.25, 6.5, 7.5, 6.75], "texture": "#2"},
				"west": {"uv": [7.25, 7, 7.75, 7.25], "texture": "#2"},
				"up": {"uv": [7.25, 1, 6, 0.5], "texture": "#2"},
				"down": {"uv": [7.25, 1, 6, 1.5], "texture": "#2"}
			}
		},
		{
			"from": [2.18261, 5.41123, 8],
			"to": [3.18261, 6.66123, 8],
			"rotation": {"angle": -22.5, "axis": "z", "origin": [5.68261, 6.03623, 8]},
			"faces": {
				"north": {"uv": [7.5, 1.5, 7.75, 1.75], "texture": "#2"},
				"east": {"uv": [0, 0, 0, 0.25], "texture": "#2"},
				"south": {"uv": [1.75, 7.5, 2, 7.75], "texture": "#2"},
				"west": {"uv": [0, 0, 0, 0.25], "texture": "#2"},
				"up": {"uv": [0.25, 0, 0, 0], "texture": "#2"},
				"down": {"uv": [0.25, 0, 0, 0], "texture": "#2"}
			}
		},
		{
			"from": [12.81739, 5.41123, 8],
			"to": [13.81739, 6.66123, 8],
			"rotation": {"angle": 22.5, "axis": "z", "origin": [10.31739, 6.03623, 8]},
			"faces": {
				"north": {"uv": [7.5, 1.75, 7.75, 2], "texture": "#2"},
				"east": {"uv": [0, 0, 0, 0.25], "texture": "#2"},
				"south": {"uv": [3, 7.5, 3.25, 7.75], "texture": "#2"},
				"west": {"uv": [0, 0, 0, 0.25], "texture": "#2"},
				"up": {"uv": [0.25, 0, 0, 0], "texture": "#2"},
				"down": {"uv": [0.25, 0, 0, 0], "texture": "#2"}
			}
		},
		{
			"from": [8.31739, 5.41123, 7.1],
			"to": [12.81739, 6.66123, 8.9],
			"rotation": {"angle": 22.5, "axis": "z", "origin": [10.31739, 6.03623, 8]},
			"faces": {
				"north": {"uv": [6.75, 2.5, 8, 2.75], "texture": "#2"},
				"east": {"uv": [7.25, 7.25, 7.75, 7.5], "texture": "#2"},
				"south": {"uv": [6.75, 2.75, 8, 3], "texture": "#2"},
				"west": {"uv": [7.5, 0.5, 8, 0.75], "texture": "#2"},
				"up": {"uv": [7.25, 2, 6, 1.5], "texture": "#2"},
				"down": {"uv": [7.25, 2, 6, 2.5], "texture": "#2"}
			}
		}
	],
	"gui_light": "front",
	"display": {
		"thirdperson_righthand": {
			"rotation": [0, 90, 0],
			"translation": [0, 2.25, 0.25],
			"scale": [0.8, 0.8, 0.8]
		},
		"thirdperson_lefthand": {
			"rotation": [0, -90, 0],
			"translation": [0, 2.25, 0.25],
			"scale": [0.8, 0.8, 0.8]
		},
		"firstperson_righthand": {
			"rotation": [92, 86, -90],
			"translation": [3.25, 3.25, -1.25],
			"scale": [0.9, 0.9, 0.9]
		},
		"firstperson_lefthand": {
			"rotation": [-88, -86, -90],
			"translation": [3.25, 3.25, -1.25],
			"scale": [0.9, 0.9, 0.9]
		},
		"ground": {
			"rotation": [90, 0, 90],
			"translation": [2.5, -1.5, 0],
			"scale": [0.7, 0.7, 0.7]
		},
		"gui": {
			"rotation": [0, -180, 45],
			"translation": [-3.5, -3.5, 0.25],
			"scale": [0.9, 0.9, 0.9]
		},
		"fixed": {
			"rotation": [0, 0, 45],
			"translation": [3.5, -3.5, 0.25]
		}
	},
	"groups": [
		{
			"name": "group",
			"origin": [8, 8, 8],
			"color": 0,
			"children": [0, 1, 2, 3, 4, 5, 6, 7, 8, 9, 10, 11, 12, 13, 14, 15, 16, 17, 18, 19, 20, 21]
		}
	]
}