{
	"format_version": "1.21.6",
	"credit": "Made with Blockbench",
	"texture_size": [32, 32],
	"textures": {
		"1": "item/soul_keeper_tex"
	},
	"elements": [
		{
			"from": [6.8, 2, 6.8],
			"to": [9.2, 4, 9.2],
			"rotation": {"angle": 0, "axis": "y", "origin": [8, 8.25, 8]},
			"faces": {
				"north": {"uv": [12.5, 0, 13.5, 1], "texture": "#1"},
				"east": {"uv": [12.5, 1, 13.5, 2], "texture": "#1"},
				"south": {"uv": [12.5, 2, 13.5, 3], "texture": "#1"},
				"west": {"uv": [12.5, 3, 13.5, 4], "texture": "#1"},
				"up": {"uv": [5, 13.5, 4, 12.5], "texture": "#1"},
				"down": {"uv": [13.5, 4, 12.5, 5], "texture": "#1"}
			}
		},
		{
			"from": [6.8, 10, 6.8],
			"to": [9.2, 12, 9.2],
			"rotation": {"angle": 0, "axis": "y", "origin": [8, 8.25, 8]},
			"faces": {
				"north": {"uv": [12.5, 5, 13.5, 6], "texture": "#1"},
				"east": {"uv": [12.5, 7.5, 13.5, 8.5], "texture": "#1"},
				"south": {"uv": [12.5, 8.5, 13.5, 9.5], "texture": "#1"},
				"west": {"uv": [12.5, 9.5, 13.5, 10.5], "texture": "#1"},
				"up": {"uv": [13.5, 11.5, 12.5, 10.5], "texture": "#1"},
				"down": {"uv": [13.5, 11.5, 12.5, 12.5], "texture": "#1"}
			}
		},
		{
			"from": [7.2, 11.5, 6.3],
			"to": [8.8, 27, 9.7],
			"rotation": {"angle": 0, "axis": "y", "origin": [8, 8.25, 8]},
			"faces": {
				"north": {"uv": [7, 0, 8, 8], "texture": "#1"},
				"east": {"uv": [4, 0, 5.5, 8], "texture": "#1"},
				"south": {"uv": [0, 7.5, 1, 15.5], "texture": "#1"},
				"west": {"uv": [5.5, 0, 7, 8], "texture": "#1"},
				"up": {"uv": [12, 7.5, 11, 6], "texture": "#1"},
				"down": {"uv": [12.5, 0, 11.5, 1.5], "texture": "#1"}
			}
		},
		{
			"from": [8, 11.5, 5.8],
			"to": [8, 26.5, 10.2],
			"rotation": {"angle": 0, "axis": "y", "origin": [8, 8.25, 8]},
			"faces": {
				"north": {"uv": [0, 0, 0, 7.5], "texture": "#1"},
				"east": {"uv": [0, 0, 2, 7.5], "texture": "#1"},
				"south": {"uv": [0, 0, 0, 7.5], "texture": "#1"},
				"west": {"uv": [2, 0, 4, 7.5], "texture": "#1"},
				"up": {"uv": [0, 2, 0, 0], "texture": "#1"},
				"down": {"uv": [0, 0, 0, 2], "texture": "#1"}
			}
		},
		{
			"from": [7.15, 25.6, 6.3],
			"to": [8.85, 29, 9.7],
			"rotation": {"angle": 45, "axis": "x", "origin": [8, 27.3, 8]},
			"faces": {
				"north": {"uv": [11.5, 1.5, 12.5, 3], "texture": "#1"},
				"east": {"uv": [11, 3, 12.5, 4.5], "texture": "#1"},
				"south": {"uv": [11.5, 7.5, 12.5, 9], "texture": "#1"},
				"west": {"uv": [11, 4.5, 12.5, 6], "texture": "#1"},
				"up": {"uv": [12.5, 10.5, 11.5, 9], "texture": "#1"},
				"down": {"uv": [12.5, 10.5, 11.5, 12], "texture": "#1"}
			}
		},
		{
			"from": [8, 25.1, 5.8],
			"to": [8, 29.5, 10.2],
			"rotation": {"angle": 45, "axis": "x", "origin": [8, 27.3, 8]},
			"faces": {
				"north": {"uv": [0, 0, 0, 2], "texture": "#1"},
				"east": {"uv": [8, 4.5, 10, 6.5], "texture": "#1"},
				"south": {"uv": [0, 0, 0, 2], "texture": "#1"},
				"west": {"uv": [5.5, 8, 7.5, 10], "texture": "#1"},
				"up": {"uv": [0, 2, 0, 0], "texture": "#1"},
				"down": {"uv": [0, 0, 0, 2], "texture": "#1"}
			}
		},
		{
			"from": [7.05, 9.75, 4.8],
			"to": [8.95, 11.9, 11.2],
			"rotation": {"angle": 0, "axis": "y", "origin": [8, 8.25, 8]},
			"faces": {
				"north": {"uv": [12.5, 12.5, 13.5, 13.5], "texture": "#1"},
				"east": {"uv": [8, 6.5, 11, 7.5], "texture": "#1"},
				"south": {"uv": [5, 13, 6, 14], "texture": "#1"},
				"west": {"uv": [7.5, 8, 10.5, 9], "texture": "#1"},
				"up": {"uv": [8.5, 12, 7.5, 9], "texture": "#1"},
				"down": {"uv": [9.5, 9, 8.5, 12], "texture": "#1"}
			}
		},
		{
			"from": [6.9, 10.19931, 7.87084],
			"to": [9.1, 13.09931, 9.87084],
			"rotation": {"angle": 45, "axis": "x", "origin": [8, 8.25, 8.8]},
			"faces": {
				"north": {"uv": [1, 12, 2, 13.5], "texture": "#1"},
				"east": {"uv": [2, 12, 3, 13.5], "texture": "#1"},
				"south": {"uv": [3, 12, 4, 13.5], "texture": "#1"},
				"west": {"uv": [12, 6, 13, 7.5], "texture": "#1"},
				"up": {"uv": [7, 14, 6, 13], "texture": "#1"},
				"down": {"uv": [14, 6, 13, 7], "texture": "#1"}
			}
		},
		{
			"from": [6.9, 10.19931, 6.12916],
			"to": [9.1, 13.09931, 8.12916],
			"rotation": {"angle": -45, "axis": "x", "origin": [8, 8.25, 7.2]},
			"faces": {
				"north": {"uv": [7.5, 12, 8.5, 13.5], "texture": "#1"},
				"east": {"uv": [8.5, 12, 9.5, 13.5], "texture": "#1"},
				"south": {"uv": [9.5, 12, 10.5, 13.5], "texture": "#1"},
				"west": {"uv": [11.5, 12, 12.5, 13.5], "texture": "#1"},
				"up": {"uv": [14.5, 1, 13.5, 0], "texture": "#1"},
				"down": {"uv": [2, 13.5, 1, 14.5], "texture": "#1"}
			}
		},
		{
			"from": [7.1, 4, 7],
			"to": [8.9, 10, 9],
			"rotation": {"angle": 0, "axis": "y", "origin": [8, 8.25, 8]},
			"faces": {
				"north": {"uv": [9.5, 0, 10.5, 3], "texture": "#1"},
				"east": {"uv": [9.5, 9, 10.5, 12], "texture": "#1"},
				"south": {"uv": [10, 3, 11, 6], "texture": "#1"},
				"west": {"uv": [5.5, 10, 6.5, 13], "texture": "#1"},
				"up": {"uv": [14.5, 2, 13.5, 1], "texture": "#1"},
				"down": {"uv": [3, 13.5, 2, 14.5], "texture": "#1"}
			}
		},
		{
			"from": [7, 4, 6.9],
			"to": [9, 10, 9.1],
			"rotation": {"angle": 0, "axis": "y", "origin": [8, 8.25, 8]},
			"faces": {
				"north": {"uv": [6.5, 10, 7.5, 13], "texture": "#1"},
				"east": {"uv": [10.5, 0, 11.5, 3], "texture": "#1"},
				"south": {"uv": [10.5, 7.5, 11.5, 10.5], "texture": "#1"},
				"west": {"uv": [10.5, 10.5, 11.5, 13.5], "texture": "#1"},
				"up": {"uv": [14.5, 3, 13.5, 2], "texture": "#1"},
				"down": {"uv": [4, 13.5, 3, 14.5], "texture": "#1"}
			}
		},
		{
			"from": [6.75, -7, 8],
			"to": [9.25, 2, 8],
			"rotation": {"angle": 45, "axis": "y", "origin": [8, 8.25, 8]},
			"faces": {
				"north": {"uv": [1, 7.5, 2.5, 12], "texture": "#1"},
				"east": {"uv": [0, 0, 0, 4.5], "texture": "#1"},
				"south": {"uv": [2.5, 7.5, 4, 12], "texture": "#1"},
				"west": {"uv": [0, 0, 0, 4.5], "texture": "#1"},
				"up": {"uv": [1.5, 0, 0, 0], "texture": "#1"},
				"down": {"uv": [1.5, 0, 0, 0], "texture": "#1"}
			}
		},
		{
			"from": [6.75, -7, 8],
			"to": [9.25, 2, 8],
			"rotation": {"angle": -45, "axis": "y", "origin": [8, -2.5, 8]},
			"faces": {
				"north": {"uv": [8, 0, 9.5, 4.5], "texture": "#1"},
				"east": {"uv": [0, 0, 0, 4.5], "texture": "#1"},
				"south": {"uv": [4, 8, 5.5, 12.5], "texture": "#1"},
				"west": {"uv": [0, 0, 0, 4.5], "texture": "#1"},
				"up": {"uv": [1.5, 0, 0, 0], "texture": "#1"},
				"down": {"uv": [1.5, 0, 0, 0], "texture": "#1"}
			}
		}
	],
	"gui_light": "front",
	"display": {
		"thirdperson_righthand": {
			"translation": [0, -1, 0.5],
			"scale": [0.8, 0.8, 0.8]
		},
		"thirdperson_lefthand": {
			"translation": [0, -1, 0.5],
			"scale": [0.8, 0.8, 0.8]
		},
		"firstperson_righthand": {
			"rotation": [4.5, 0, -6],
			"translation": [0.5, -1, 0.25],
			"scale": [0.8, 0.8, 0.8]
		},
		"firstperson_lefthand": {
			"rotation": [4.5, 0, -6],
			"translation": [0.5, -1, 0.25],
			"scale": [0.8, 0.8, 0.8]
		},
		"ground": {
			"rotation": [0, 0, 90],
			"translation": [4.5, -1.5, 0],
			"scale": [0.7, 0.7, 0.7]
		},
		"gui": {
			"rotation": [-90, 135, 90],
			"translation": [-3.5, -3.5, 0],
			"scale": [0.8, 0.8, 0.8]
		},
		"head": {
			"rotation": [-46.25, 0, 0]
		},
		"fixed": {
			"rotation": [-90, 45, 90],
			"translation": [3.5, -3.5, 0],
			"scale": [0.8, 0.8, 0.8]
		}
	}
}