{
	"credit": "Made with Blockbench",
	"texture_size": [64, 64],
	"textures": {
		"2": "item/warden_pickaxe_tex",
		"particle": "item/warden_pickaxe_tex"
	},
	"elements": [
		{
			"from": [7, -2, 7],
			"to": [9, 14, 9],
			"rotation": {"angle": 0, "axis": "y", "origin": [7, -2, 7]},
			"faces": {
				"north": {"uv": [5.5, 2, 6, 6], "texture": "#2"},
				"east": {"uv": [6, 2, 6.5, 6], "texture": "#2"},
				"south": {"uv": [5.5, 6, 6, 10], "texture": "#2"},
				"west": {"uv": [6, 6, 6.5, 10], "texture": "#2"},
				"up": {"uv": [7, 10.25, 6.5, 9.75], "texture": "#2"},
				"down": {"uv": [10.25, 7, 9.75, 7.5], "texture": "#2"}
			}
		},
		{
			"from": [6.75, 11, 6.75],
			"to": [9.25, 12, 9.25],
			"rotation": {"angle": 0, "axis": "y", "origin": [7, -1, 7]},
			"faces": {
				"north": {"uv": [8.25, 1.75, 9, 2], "texture": "#2"},
				"east": {"uv": [9.75, 7.5, 10.5, 7.75], "texture": "#2"},
				"south": {"uv": [9.75, 9.25, 10.5, 9.5], "texture": "#2"},
				"west": {"uv": [10, 0.5, 10.75, 0.75], "texture": "#2"},
				"up": {"uv": [4.5, 9, 3.75, 8.25], "texture": "#2"},
				"down": {"uv": [7.25, 8.25, 6.5, 9], "texture": "#2"}
			}
		},
		{
			"from": [6.75, 3, 6.75],
			"to": [9.25, 4, 9.25],
			"rotation": {"angle": 0, "axis": "y", "origin": [7, -9, 7]},
			"faces": {
				"north": {"uv": [1.5, 10, 2.25, 10.25], "texture": "#2"},
				"east": {"uv": [10, 1.5, 10.75, 1.75], "texture": "#2"},
				"south": {"uv": [10, 1.75, 10.75, 2], "texture": "#2"},
				"west": {"uv": [10, 2, 10.75, 2.25], "texture": "#2"},
				"up": {"uv": [9.25, 4.25, 8.5, 3.5], "texture": "#2"},
				"down": {"uv": [9.25, 4.25, 8.5, 5], "texture": "#2"}
			}
		},
		{
			"from": [6.5, 14, 6.25],
			"to": [9.5, 16.5, 9.75],
			"rotation": {"angle": 0, "axis": "y", "origin": [7, 0, 7]},
			"faces": {
				"north": {"uv": [8.5, 5, 9.25, 5.75], "texture": "#2"},
				"east": {"uv": [8.25, 0, 9.25, 0.75], "texture": "#2"},
				"south": {"uv": [8.5, 5.75, 9.25, 6.5], "texture": "#2"},
				"west": {"uv": [0.75, 8.25, 1.75, 9], "texture": "#2"},
				"up": {"uv": [9, 1.75, 8.25, 0.75], "texture": "#2"},
				"down": {"uv": [2.5, 8.25, 1.75, 9.25], "texture": "#2"}
			}
		},
		{
			"from": [6.5, -2.5, 6.5],
			"to": [9.5, 0.5, 9.5],
			"rotation": {"angle": 45, "axis": "z", "origin": [8, -1, 8]},
			"faces": {
				"north": {"uv": [0, 8.75, 0.75, 9.5], "texture": "#2"},
				"east": {"uv": [2.5, 8.75, 3.25, 9.5], "texture": "#2"},
				"south": {"uv": [4.5, 8.75, 5.25, 9.5], "texture": "#2"},
				"west": {"uv": [8.25, 8.75, 9, 9.5], "texture": "#2"},
				"up": {"uv": [1.5, 9.75, 0.75, 9], "texture": "#2"},
				"down": {"uv": [9.75, 0.75, 9, 1.5], "texture": "#2"}
			}
		},
		{
			"from": [6.5, 26.5, 6.5],
			"to": [9.5, 29.5, 9.5],
			"rotation": {"angle": 45, "axis": "z", "origin": [8, 28, 8]},
			"faces": {
				"north": {"uv": [3.25, 9, 4, 9.75], "texture": "#2"},
				"east": {"uv": [6.5, 9, 7.25, 9.75], "texture": "#2"},
				"south": {"uv": [9, 6.5, 9.75, 7.25], "texture": "#2"},
				"west": {"uv": [9, 8.75, 9.75, 9.5], "texture": "#2"},
				"up": {"uv": [10, 0.75, 9.25, 0], "texture": "#2"},
				"down": {"uv": [2.25, 9.25, 1.5, 10], "texture": "#2"}
			}
		},
		{
			"from": [-6.28329, 17.66983, 8],
			"to": [0.71671, 19.66983, 8],
			"rotation": {"angle": 22.5, "axis": "z", "origin": [-3.58329, 20.36983, 8.5]},
			"faces": {
				"north": {"uv": [7.25, 6.75, 9, 7.25], "texture": "#2"},
				"east": {"uv": [0, 0, 0, 0.5], "texture": "#2"},
				"south": {"uv": [7.25, 7.25, 9, 7.75], "texture": "#2"},
				"west": {"uv": [0, 0, 0, 0.5], "texture": "#2"},
				"up": {"uv": [1.75, 0, 0, 0], "texture": "#2"},
				"down": {"uv": [1.75, 0, 0, 0], "texture": "#2"}
			}
		},
		{
			"from": [-4.58329, 18.66983, 7.5],
			"to": [0.41671, 20.66983, 8.5],
			"rotation": {"angle": 22.5, "axis": "z", "origin": [-3.58329, 21.06983, 8]},
			"faces": {
				"north": {"uv": [2.5, 8.25, 3.75, 8.75], "texture": "#2"},
				"east": {"uv": [4.25, 7.75, 4.5, 8.25], "texture": "#2"},
				"south": {"uv": [8.25, 7.75, 9.5, 8.25], "texture": "#2"},
				"west": {"uv": [9, 1.5, 9.25, 2], "texture": "#2"},
				"up": {"uv": [11, 3.25, 9.75, 3], "texture": "#2"},
				"down": {"uv": [11, 3.25, 9.75, 3.5], "texture": "#2"}
			}
		},
		{
			"from": [-0.48329, 20.06983, 7],
			"to": [2.51671, 23.06983, 9],
			"rotation": {"angle": 0, "axis": "y", "origin": [-0.04153, 21.0558, 8]},
			"faces": {
				"north": {"uv": [9.25, 1.5, 10, 2.25], "texture": "#2"},
				"east": {"uv": [0, 9.5, 0.5, 10.25], "texture": "#2"},
				"south": {"uv": [9.25, 2.25, 10, 3], "texture": "#2"},
				"west": {"uv": [2.25, 9.5, 2.75, 10.25], "texture": "#2"},
				"up": {"uv": [9.75, 7.75, 9, 7.25], "texture": "#2"},
				"down": {"uv": [10, 6, 9.25, 6.5], "texture": "#2"}
			}
		},
		{
			"from": [-0.59329, 18.95983, 7.99],
			"to": [4.42671, 21.97983, 8.01],
			"rotation": {"angle": 0, "axis": "y", "origin": [-0.14153, 19.9558, 9]},
			"faces": {
				"north": {"uv": [0.75, 7, 2, 7.75], "texture": "#2"},
				"east": {"uv": [5.25, 8.75, 5.5, 9.5], "texture": "#2"},
				"south": {"uv": [2, 7, 3.25, 7.75], "texture": "#2"},
				"west": {"uv": [5.25, 9.5, 5.5, 10.25], "texture": "#2"},
				"up": {"uv": [11, 5.25, 9.75, 5], "texture": "#2"},
				"down": {"uv": [11, 5.25, 9.75, 5.5], "texture": "#2"}
			}
		},
		{
			"from": [2.43329, 19.51983, 6.95],
			"to": [13.63329, 23.61983, 9.05],
			"rotation": {"angle": 0, "axis": "y", "origin": [13.71717, 20.58239, 8]},
			"faces": {
				"north": {"uv": [5.5, 0, 8.25, 1], "texture": "#2"},
				"east": {"uv": [4, 9, 4.5, 10], "texture": "#2"},
				"south": {"uv": [5.5, 1, 8.25, 2], "texture": "#2"},
				"west": {"uv": [9.25, 5, 9.75, 6], "texture": "#2"},
				"up": {"uv": [9.25, 2.5, 6.5, 2], "texture": "#2"},
				"down": {"uv": [9.25, 2.5, 6.5, 3], "texture": "#2"}
			}
		},
		{
			"from": [10.63329, 18.01983, 7.95],
			"to": [21.63329, 32, 7.95],
			"rotation": {"angle": 0, "axis": "y", "origin": [18.91717, 24.08239, 8]},
			"faces": {
				"north": {"uv": [0, 0, 2.75, 3.5], "texture": "#2"},
				"east": {"uv": [0, 0, 0, 3.5], "texture": "#2"},
				"south": {"uv": [2.75, 0, 5.5, 3.5], "texture": "#2"},
				"west": {"uv": [0, 0, 0, 3.5], "texture": "#2"},
				"up": {"uv": [2.75, 0, 0, 0], "texture": "#2"},
				"down": {"uv": [2.75, 0, 0, 0], "texture": "#2"}
			}
		},
		{
			"from": [6.43329, 17.51983, 6.95],
			"to": [9.63329, 19.51983, 9.05],
			"rotation": {"angle": 0, "axis": "y", "origin": [13.71717, 18.58239, 8]},
			"faces": {
				"north": {"uv": [4.5, 9.5, 5.25, 10], "texture": "#2"},
				"east": {"uv": [9.75, 8.75, 10.25, 9.25], "texture": "#2"},
				"south": {"uv": [7.25, 9.5, 8, 10], "texture": "#2"},
				"west": {"uv": [10, 0, 10.5, 0.5], "texture": "#2"},
				"up": {"uv": [10.25, 8.25, 9.5, 7.75], "texture": "#2"},
				"down": {"uv": [8.75, 9.5, 8, 10], "texture": "#2"}
			}
		},
		{
			"from": [13.48329, 20.06983, 7],
			"to": [16.48329, 23.06983, 9],
			"rotation": {"angle": 0, "axis": "y", "origin": [16.04153, 21.0558, 8]},
			"faces": {
				"north": {"uv": [9.25, 3.5, 10, 4.25], "texture": "#2"},
				"east": {"uv": [2.75, 9.5, 3.25, 10.25], "texture": "#2"},
				"south": {"uv": [9.25, 4.25, 10, 5], "texture": "#2"},
				"west": {"uv": [8.75, 9.5, 9.25, 10.25], "texture": "#2"},
				"up": {"uv": [10.25, 8.75, 9.5, 8.25], "texture": "#2"},
				"down": {"uv": [10, 9.5, 9.25, 10], "texture": "#2"}
			}
		},
		{
			"from": [15.58329, 18.66983, 7.5],
			"to": [20.58329, 20.66983, 8.5],
			"rotation": {"angle": -22.5, "axis": "z", "origin": [19.58329, 21.06983, 8]},
			"faces": {
				"north": {"uv": [8.25, 8.25, 9.5, 8.75], "texture": "#2"},
				"east": {"uv": [10, 2.25, 10.25, 2.75], "texture": "#2"},
				"south": {"uv": [8.5, 3, 9.75, 3.5], "texture": "#2"},
				"west": {"uv": [10, 3.5, 10.25, 4], "texture": "#2"},
				"up": {"uv": [11, 5.75, 9.75, 5.5], "texture": "#2"},
				"down": {"uv": [11, 5.75, 9.75, 6], "texture": "#2"}
			}
		},
		{
			"from": [11.57329, 18.95983, 7.99],
			"to": [16.59329, 21.97983, 8.01],
			"rotation": {"angle": 0, "axis": "y", "origin": [16.14153, 19.9558, 9]},
			"faces": {
				"north": {"uv": [3.25, 7, 4.5, 7.75], "texture": "#2"},
				"east": {"uv": [3.75, 9.75, 4, 10.5], "texture": "#2"},
				"south": {"uv": [7.25, 3, 8.5, 3.75], "texture": "#2"},
				"west": {"uv": [7, 9.75, 7.25, 10.5], "texture": "#2"},
				"up": {"uv": [11, 6.75, 9.75, 6.5], "texture": "#2"},
				"down": {"uv": [11, 6.75, 9.75, 7], "texture": "#2"}
			}
		},
		{
			"from": [15.28329, 17.66983, 8],
			"to": [22.28329, 19.66983, 8],
			"rotation": {"angle": -22.5, "axis": "z", "origin": [19.58329, 20.36983, 8.5]},
			"faces": {
				"north": {"uv": [0.75, 7.75, 2.5, 8.25], "texture": "#2"},
				"east": {"uv": [0, 0, 0, 0.5], "texture": "#2"},
				"south": {"uv": [2.5, 7.75, 4.25, 8.25], "texture": "#2"},
				"west": {"uv": [0, 0, 0, 0.5], "texture": "#2"},
				"up": {"uv": [1.75, 0, 0, 0], "texture": "#2"},
				"down": {"uv": [1.75, 0, 0, 0], "texture": "#2"}
			}
		},
		{
			"from": [8.58329, 18.56983, 8],
			"to": [13.58329, 21.56983, 8],
			"rotation": {"angle": 22.5, "axis": "z", "origin": [11.08329, 20.56983, 8]},
			"faces": {
				"north": {"uv": [7.25, 3.75, 8.5, 4.5], "texture": "#2"},
				"east": {"uv": [0, 0, 0, 0.75], "texture": "#2"},
				"south": {"uv": [7.25, 4.5, 8.5, 5.25], "texture": "#2"},
				"west": {"uv": [0, 0, 0, 0.75], "texture": "#2"},
				"up": {"uv": [1.25, 0, 0, 0], "texture": "#2"},
				"down": {"uv": [1.25, 0, 0, 0], "texture": "#2"}
			}
		},
		{
			"from": [2.41671, 18.56983, 8],
			"to": [7.41671, 21.56983, 8],
			"rotation": {"angle": -22.5, "axis": "z", "origin": [4.91671, 20.56983, 8]},
			"faces": {
				"north": {"uv": [7.25, 5.25, 8.5, 6], "texture": "#2"},
				"east": {"uv": [0, 0, 0, 0.75], "texture": "#2"},
				"south": {"uv": [7.25, 6, 8.5, 6.75], "texture": "#2"},
				"west": {"uv": [0, 0, 0, 0.75], "texture": "#2"},
				"up": {"uv": [1.25, 0, 0, 0], "texture": "#2"},
				"down": {"uv": [1.25, 0, 0, 0], "texture": "#2"}
			}
		},
		{
			"from": [8.58883, 14.9135, 6.51],
			"to": [10.56883, 19.8935, 9.49],
			"rotation": {"angle": -22.5, "axis": "z", "origin": [10.57883, 19.4035, 8]},
			"faces": {
				"north": {"uv": [4.5, 7, 5, 8.75], "texture": "#2"},
				"east": {"uv": [6.5, 3, 7.25, 4.75], "texture": "#2"},
				"south": {"uv": [5, 7, 5.5, 8.75], "texture": "#2"},
				"west": {"uv": [6.5, 4.75, 7.25, 6.5], "texture": "#2"},
				"up": {"uv": [1, 10.5, 0.5, 9.75], "texture": "#2"},
				"down": {"uv": [10.25, 0.75, 9.75, 1.5], "texture": "#2"}
			}
		},
		{
			"from": [5.43117, 14.9135, 6.51],
			"to": [7.41117, 19.8935, 9.49],
			"rotation": {"angle": 22.5, "axis": "z", "origin": [5.42117, 19.4035, 8]},
			"faces": {
				"north": {"uv": [7.25, 7.75, 7.75, 9.5], "texture": "#2"},
				"east": {"uv": [6.5, 6.5, 7.25, 8.25], "texture": "#2"},
				"south": {"uv": [7.75, 7.75, 8.25, 9.5], "texture": "#2"},
				"west": {"uv": [0, 7, 0.75, 8.75], "texture": "#2"},
				"up": {"uv": [1.5, 10.5, 1, 9.75], "texture": "#2"},
				"down": {"uv": [3.75, 9.75, 3.25, 10.5], "texture": "#2"}
			}
		},
		{
			"from": [-5.63329, 18.01983, 7.95],
			"to": [5.36671, 32, 7.95],
			"rotation": {"angle": 0, "axis": "y", "origin": [-2.91717, 24.08239, 8]},
			"faces": {
				"north": {"uv": [0, 3.5, 2.75, 7], "texture": "#2"},
				"east": {"uv": [0, 0, 0, 3.5], "texture": "#2"},
				"south": {"uv": [2.75, 3.5, 5.5, 7], "texture": "#2"},
				"west": {"uv": [0, 0, 0, 3.5], "texture": "#2"},
				"up": {"uv": [2.75, 0, 0, 0], "texture": "#2"},
				"down": {"uv": [2.75, 0, 0, 0], "texture": "#2"}
			}
		}
	],
	"gui_light": "front",
	"display": {
		"thirdperson_righthand": {
			"rotation": [0, 90, 0],
			"translation": [0, -2.25, 0],
			"scale": [0.6, 0.6, 0.6]
		},
		"thirdperson_lefthand": {
			"rotation": [0, 90, 0],
			"translation": [0, -2.25, 0],
			"scale": [0.6, 0.6, 0.6]
		},
		"firstperson_righthand": {
			"rotation": [90, 84, -82],
			"translation": [0.5, 0.75, 0],
			"scale": [0.6, 0.6, 0.6]
		},
		"firstperson_lefthand": {
			"rotation": [90, 84, -82],
			"translation": [0.5, 0.75, 0],
			"scale": [0.6, 0.6, 0.6]
		},
		"ground": {
			"rotation": [75, 30, 0],
			"translation": [0, 0, -2.25],
			"scale": [0.5, 0.5, 0.5]
		},
		"gui": {
			"rotation": [0, 0, -45],
			"translation": [-4.25, -4.25, 0],
			"scale": [0.6, 0.6, 0.6]
		},
		"head": {
			"rotation": [-44.5, 0, 0],
			"translation": [0, 1.5, -2.5]
		},
		"fixed": {
			"rotation": [0, 0, 45],
			"translation": [4.25, -4.25, 0],
			"scale": [0.6, 0.6, 0.6]
		}
	},
	"groups": [
		{
			"name": "group",
			"origin": [-2.91717, 24.08239, 8],
			"color": 0,
			"children": [0, 1, 2, 3, 4, 5, 6, 7, 8, 9, 10, 11, 12, 13, 14, 15, 16, 17, 18, 19, 20, 21]
		}
	]
}