{
    "model": {
      "type": "range_dispatch",
      "property": "custom_model_data",
      "entries": [
        {
          "model": {
            "type": "select",
            "property": "minecraft:charge_type",
            "cases": [
              {
                "model": { "type": "minecraft:model", "model": "item/flamexbow/flamexbow_arrow" },
                "when": "arrow"
              },
              {
                "model": { "type": "minecraft:model", "model": "item/flamexbow/flamexbow_firework" },
                "when": "rocket"
              }
            ],
            "fallback": {
              "type": "condition",
              "property": "minecraft:using_item",
              "on_true": {
                "type": "range_dispatch",
                "property": "minecraft:crossbow/pull",
                "entries": [
                  {
                    "threshold": 0.58,
                    "model": { "type": "minecraft:model", "model": "item/flamexbow/flamexbow_pulling_1" }
                  },
                  {
                    "threshold": 1.0,
                    "model": { "type": "minecraft:model", "model": "item/flamexbow/flamexbow_pulling_2" }
                  }
                ],
                "fallback": { "type": "minecraft:model", "model": "item/flamexbow/flamexbow_pulling_0" }
              },
              "on_false": { "type": "minecraft:model", "model": "item/flamexbow/flamexbow" }
            }
          },
          "threshold": 1.0
        }
      ],
      "fallback": {
        "type": "select",
        "property": "minecraft:charge_type",
        "cases": [
          {
            "model": { "type": "minecraft:model", "model": "minecraft:item/crossbow_arrow" },
            "when": "arrow"
          },
          {
            "model": { "type": "minecraft:model", "model": "minecraft:item/crossbow_firework" },
            "when": "rocket"
          }
        ],
        "fallback": {
          "type": "condition",
          "property": "minecraft:using_item",
          "on_true": {
            "type": "range_dispatch",
            "property": "minecraft:crossbow/pull",
            "entries": [
              {
                "threshold": 0.58,
                "model": { "type": "minecraft:model", "model": "minecraft:item/crossbow_pulling_1" }
              },
              {
                "threshold": 1.0,
                "model": { "type": "minecraft:model", "model": "minecraft:item/crossbow_pulling_2" }
              }
            ],
            "fallback": { "type": "minecraft:model", "model": "minecraft:item/crossbow_pulling_0" }
          },
          "on_false": { "type": "minecraft:model", "model": "minecraft:item/crossbow" }
        }
      }
    }
  }
  