{
    "model": {
      "type": "range_dispatch",
      "property": "custom_model_data",
      "entries": [
        {
          "model": {
            "type": "select",
            "property": "minecraft:charge_type",
            "cases": [
              {
                "model": { "type": "minecraft:model", "model": "item/poseidons_trident/full" },
                "when": "arrow"
              },
              {
                "model": { "type": "minecraft:model", "model": "item/hoplite/poseidon_trident/full" },
                "when": "rocket"
              }
            ],
            "fallback": {
              "type": "condition",
              "property": "minecraft:using_item",
              "on_true": {
                "type": "range_dispatch",
                "property": "minecraft:crossbow/pull",
                "entries": [
                  {
                    "threshold": 0.58,
                    "model": { "type": "minecraft:model", "model": "item/hoplite/poseidon_trident/1" }
                  },
                  {
                    "threshold": 1.0,
                    "model": { "type": "minecraft:model", "model": "item/hoplite/poseidon_trident/2" }
                  }
                ],
                "fallback": { "type": "minecraft:model", "model": "item/hoplite/poseidon_trident/0" }
              },
              "on_false": { "type": "minecraft:model", "model": "item/hoplite/poseidon_trident/standby" }
            }
          },
          "threshold": 995.0
        },
        {
          "model": {
            "type": "select",
            "property": "minecraft:charge_type",
            "cases": [
              {
                "model": { "type": "minecraft:model", "model": "item/shrink_ray/full" },
                "when": "arrow"
              }
            ],
            "fallback": {
              "type": "condition",
              "property": "minecraft:using_item",
              "on_true": {
                "type": "range_dispatch",
                "property": "minecraft:crossbow/pull",
                "entries": [
                  {
                    "threshold": 0.58,
                    "model": { "type": "minecraft:model", "model": "item/hoplite/shrink_ray/2" }
                  },
                  {
                    "threshold": 1.0,
                    "model": { "type": "minecraft:model", "model": "item/hoplite/shrink_ray/full" }
                  }
                ],
                "fallback": { "type": "minecraft:model", "model": "item/hoplite/shrink_ray/1" }
              },
              "on_false": { "type": "minecraft:model", "model": "item/hoplite/shrink_ray/standby" }
            }
          },
          "threshold": 997.0
        }
      ],
      "fallback": {
        "type": "select",
        "property": "minecraft:charge_type",
        "cases": [
          {
            "model": { "type": "minecraft:model", "model": "minecraft:item/bow_arrow" },
            "when": "arrow"
          }
        ],
        "fallback": {
          "type": "condition",
          "property": "minecraft:using_item",
          "on_true": {
            "type": "range_dispatch",
            "property": "minecraft:crossbow/pull",
            "entries": [
              {
                "threshold": 0.58,
                "model": { "type": "minecraft:model", "model": "minecraft:item/bow_pulling_1" }
              },
              {
                "threshold": 1.0,
                "model": { "type": "minecraft:model", "model": "minecraft:item/bow_pulling_2" }
              }
            ],
            "fallback": { "type": "minecraft:model", "model": "minecraft:item/bow_pulling_0" }
          },
          "on_false": { "type": "minecraft:model", "model": "minecraft:item/bow" }
        }
      }
    }
  }
  