{
	"format_version": "1.21.6",
	"credit": "Made with Blockbench",
	"texture_size": [32, 32],
	"textures": {
		"0": "item/legendary_case",
		"particle": "item/legendary_case"
	},
	"elements": [
		{
			"from": [4, 0, 4],
			"to": [12, 8, 12],
			"rotation": {"angle": 0, "axis": "y", "origin": [7, 0, 7]},
			"faces": {
				"north": {"uv": [0, 8, 4, 12], "texture": "#0"},
				"east": {"uv": [4, 8, 8, 12], "texture": "#0"},
				"south": {"uv": [8, 8, 12, 12], "texture": "#0"},
				"west": {"uv": [9, 0, 13, 4], "texture": "#0"},
				"up": {"uv": [13, 8, 9, 4], "texture": "#0"},
				"down": {"uv": [4, 12, 0, 16], "texture": "#0"}
			}
		},
		{
			"from": [3.5, 8, 8],
			"to": [12.5, 16, 8],
			"rotation": {"angle": 0, "axis": "y", "origin": [7, 8, 7]},
			"faces": {
				"north": {"uv": [0, 0, 4.5, 4], "texture": "#0"},
				"east": {"uv": [0, 0, 0, 4], "texture": "#0"},
				"south": {"uv": [0, 4, 4.5, 8], "texture": "#0"},
				"west": {"uv": [0, 0, 0, 4], "texture": "#0"},
				"up": {"uv": [4.5, 0, 0, 0], "texture": "#0"},
				"down": {"uv": [4.5, 0, 0, 0], "texture": "#0"}
			}
		}
	],
	"gui_light": "front",
	"display": {
		"thirdperson_righthand": {
			"rotation": [45, -45, 0],
			"translation": [0, 2.75, 1.25],
			"scale": [0.7, 0.7, 0.7]
		},
		"thirdperson_lefthand": {
			"rotation": [45, -45, 0],
			"translation": [0, 2.75, 1.25],
			"scale": [0.7, 0.7, 0.7]
		},
		"firstperson_righthand": {
			"rotation": [10, -45, 0],
			"translation": [2, 4, -1]
		},
		"firstperson_lefthand": {
			"rotation": [10, -45, 0],
			"translation": [2, 4, -1]
		},
		"ground": {
			"translation": [0, 2.5, 0],
			"scale": [0.6, 0.6, 0.6]
		},
		"gui": {
			"rotation": [-10, 10, 0],
			"translation": [0, 2, 0]
		},
		"head": {
			"translation": [0, 9.5, 0],
			"scale": [2, 2, 2]
		},
		"fixed": {
			"translation": [0, 3.5, 0],
			"scale": [1.3, 1.3, 1.3]
		}
	}
}