{"display":{"thirdperson_righthand":{"rotation":[0,90,0],"translation":[0,1.25,2.5],"scale":[0.8,0.8,0.8]},"thirdperson_lefthand":{"rotation":[0,-90,0],"translation":[0,1.25,2.5],"scale":[0.8,0.8,0.8]},"firstperson_righthand":{"rotation":[-5,90,0],"translation":[0,4,3],"scale":[0.5,0.5,0.5]},"firstperson_lefthand":{"rotation":[-5,-90,0],"translation":[0,4,3],"scale":[0.5,0.5,0.5]},"ground":{"rotation":[47,10,26],"translation":[0,2,0],"scale":[0.5,0.5,0.5]},"gui":{"rotation":[0,-180,45],"translation":[0,-0.5,-0.5],"scale":[0.46,0.46,0.46]},"head":{"translation":[0,13.75,0]},"fixed":{"translation":[0,0,-0.5],"scale":[0.5,0.5,0.5]}},"texture_size":[64,64],"textures":{"0":"item/hoplite/reaper_scythe","particle":"item/hoplite/reaper_scythe"},"elements":[{"from":[7.125,8,7.025],"to":[8.95,18,8.975],"rotation":{"angle":0,"axis":"y","origin":[7,18,7]},"faces":{"north":{"uv":[0,2.5,0.5,5],"texture":"#0"},"east":{"uv":[0.5,2.5,1,5],"texture":"#0"},"south":{"uv":[2.75,0,3.25,2.5],"texture":"#0"},"west":{"uv":[2.75,2.5,3.25,5],"texture":"#0"},"up":{"uv":[3,8,2.5,7.5],"texture":"#0"},"down":{"uv":[1.25,7.75,0.75,8.25],"texture":"#0"}}},{"from":[4,12,8],"to":[7,20,8],"rotation":{"angle":22.5,"axis":"z","origin":[5.5,13.5,8]},"faces":{"north":{"uv":[1.25,0,2,2],"texture":"#0"},"east":{"uv":[0,0,0,2],"texture":"#0"},"south":{"uv":[2,0,2.75,2],"texture":"#0"},"west":{"uv":[0,0,0,2],"texture":"#0"},"up":{"uv":[0.75,0,0,0],"texture":"#0"},"down":{"uv":[0.75,0,0,0],"texture":"#0"}}},{"from":[9,7.5,8],"to":[12,15.5,8],"rotation":{"angle":0,"axis":"y","origin":[12.5,4,8]},"faces":{"north":{"uv":[1.25,2,2,4],"texture":"#0"},"east":{"uv":[0,0,0,2],"texture":"#0"},"south":{"uv":[2,2,2.75,4],"texture":"#0"},"west":{"uv":[0,0,0,2],"texture":"#0"},"up":{"uv":[0.75,0,0,0],"texture":"#0"},"down":{"uv":[0.75,0,0,0],"texture":"#0"}}},{"from":[8.77164,-5.85195,7],"to":[10.77164,4.14805,9],"rotation":{"angle":0,"axis":"y","origin":[9.77164,-0.85195,8]},"faces":{"north":{"uv":[3.25,0,3.75,2.5],"texture":"#0"},"east":{"uv":[3.25,2.5,3.75,5],"texture":"#0"},"south":{"uv":[3.75,0,4.25,2.5],"texture":"#0"},"west":{"uv":[3.75,2.5,4.25,5],"texture":"#0"},"up":{"uv":[3.5,8.25,3,7.75],"texture":"#0"},"down":{"uv":[8.25,3,7.75,3.5],"texture":"#0"}}},{"from":[6.80257,-6.19563,6.5],"to":[11.80257,-3.19563,9.5],"rotation":{"angle":-22.5,"axis":"z","origin":[8.90257,-4.69563,8]},"faces":{"north":{"uv":[4.25,2.5,5.75,3.25],"texture":"#0"},"east":{"uv":[6.75,6.75,7.5,7.5],"texture":"#0"},"south":{"uv":[4.25,3.25,5.75,4],"texture":"#0"},"west":{"uv":[3,7,3.75,7.75],"texture":"#0"},"up":{"uv":[5.75,4.75,4.25,4],"texture":"#0"},"down":{"uv":[6.25,0,4.75,0.75],"texture":"#0"}}},{"from":[7.29546,-12.23116,7],"to":[9.29546,-6.23116,9],"rotation":{"angle":-22.5,"axis":"z","origin":[8.94546,-8.73116,8]},"faces":{"north":{"uv":[3.25,5,3.75,6.5],"texture":"#0"},"east":{"uv":[3.75,5,4.25,6.5],"texture":"#0"},"south":{"uv":[5.75,3,6.25,4.5],"texture":"#0"},"west":{"uv":[4.25,5.75,4.75,7.25],"texture":"#0"},"up":{"uv":[5.25,8.25,4.75,7.75],"texture":"#0"},"down":{"uv":[8.25,4.75,7.75,5.25],"texture":"#0"}}},{"from":[6.29546,-11.23116,7.5],"to":[7.29546,-5.23116,8.5],"rotation":{"angle":-22.5,"axis":"z","origin":[8.94546,-8.73116,8]},"faces":{"north":{"uv":[1,2.5,1.25,4],"texture":"#0"},"east":{"uv":[4.5,7.25,4.75,8.75],"texture":"#0"},"south":{"uv":[6.25,7.25,6.5,8.75],"texture":"#0"},"west":{"uv":[6.5,7.25,6.75,8.75],"texture":"#0"},"up":{"uv":[5.25,6,5,5.75],"texture":"#0"},"down":{"uv":[1,6,0.75,6.25],"texture":"#0"}}},{"from":[9,3,7],"to":[11,8,9],"rotation":{"angle":22.5,"axis":"z","origin":[8,3,8]},"faces":{"north":{"uv":[0,6.25,0.5,7.5],"texture":"#0"},"east":{"uv":[0.5,6.25,1,7.5],"texture":"#0"},"south":{"uv":[2.5,6.25,3,7.5],"texture":"#0"},"west":{"uv":[6.25,3.5,6.75,4.75],"texture":"#0"},"up":{"uv":[1.75,8.25,1.25,7.75],"texture":"#0"},"down":{"uv":[2.25,7.75,1.75,8.25],"texture":"#0"}}},{"from":[8.93,2.93,6.93],"to":[11.07,8.07,9.07],"rotation":{"angle":22.5,"axis":"z","origin":[8,3,8]},"faces":{"north":{"uv":[6.25,6,6.75,7.25],"texture":"#0"},"east":{"uv":[1,6.5,1.5,7.75],"texture":"#0"},"south":{"uv":[1.5,6.5,2,7.75],"texture":"#0"},"west":{"uv":[2,6.5,2.5,7.75],"texture":"#0"},"up":{"uv":[6.25,8.25,5.75,7.75],"texture":"#0"},"down":{"uv":[7.25,7.75,6.75,8.25],"texture":"#0"}}},{"from":[8.7231,-6.02983,6.93],"to":[10.8631,4.11017,9.07],"rotation":{"angle":0,"axis":"y","origin":[9.7931,-0.95983,8]},"faces":{"north":{"uv":[1,4,1.5,6.5],"texture":"#0"},"east":{"uv":[1.5,4,2,6.5],"texture":"#0"},"south":{"uv":[2,4,2.5,6.5],"texture":"#0"},"west":{"uv":[4.25,0,4.75,2.5],"texture":"#0"},"up":{"uv":[5.75,8.25,5.25,7.75],"texture":"#0"},"down":{"uv":[8.25,5.25,7.75,5.75],"texture":"#0"}}},{"from":[6.5,13,6.5],"to":[9.5,15,9.5],"rotation":{"angle":0,"axis":"y","origin":[7,18,7]},"faces":{"north":{"uv":[5.5,7,6.25,7.5],"texture":"#0"},"east":{"uv":[3.75,7.25,4.5,7.75],"texture":"#0"},"south":{"uv":[0,7.5,0.75,8],"texture":"#0"},"west":{"uv":[7.5,0.5,8.25,1],"texture":"#0"},"up":{"uv":[7.5,4.75,6.75,4],"texture":"#0"},"down":{"uv":[7.5,6,6.75,6.75],"texture":"#0"}}},{"from":[5.5,16.5,6.5],"to":[10.5,21.5,9.5],"rotation":{"angle":45,"axis":"z","origin":[8,19,8]},"faces":{"north":{"uv":[0,0,1.25,1.25],"texture":"#0"},"east":{"uv":[0,5,0.75,6.25],"texture":"#0"},"south":{"uv":[1.25,0,0,1.25],"texture":"#0"},"west":{"uv":[2.5,5,3.25,6.25],"texture":"#0"},"up":{"uv":[6,2.5,4.75,1.75],"texture":"#0"},"down":{"uv":[6.5,4.75,5.25,5.5],"texture":"#0"}}},{"from":[1.83579,19.81066,7],"to":[8.83579,21.81066,9],"rotation":{"angle":-22.5,"axis":"z","origin":[6.58579,20.06066,8]},"faces":{"north":{"uv":[5.25,5.5,7,6],"texture":"#0"},"east":{"uv":[3.5,7.75,4,8.25],"texture":"#0"},"south":{"uv":[5.75,0.75,7.5,1.25],"texture":"#0"},"west":{"uv":[4,7.75,4.5,8.25],"texture":"#0"},"up":{"uv":[7.5,1.75,5.75,1.25],"texture":"#0"},"down":{"uv":[7.5,2.5,5.75,3],"texture":"#0"}}},{"from":[2.83579,18.81066,7.5],"to":[8.83579,19.81066,8.5],"rotation":{"angle":-22.5,"axis":"z","origin":[6.58579,20.06066,8]},"faces":{"north":{"uv":[6,2.25,7.5,2.5],"texture":"#0"},"east":{"uv":[5.75,4.5,6,4.75],"texture":"#0"},"south":{"uv":[7,5.75,8.5,6],"texture":"#0"},"west":{"uv":[4.75,5.75,5,6],"texture":"#0"},"up":{"uv":[9,1.25,7.5,1],"texture":"#0"},"down":{"uv":[9,1.25,7.5,1.5],"texture":"#0"}}},{"from":[8.33287,21.01343,7.49],"to":[15.35287,22.03343,8.51],"rotation":{"angle":0,"axis":"y","origin":[13.84287,20.27343,8]},"faces":{"north":{"uv":[6.25,0.5,7.5,0.75],"texture":"#0"},"east":{"uv":[0.75,8.25,1,8.5],"texture":"#0"},"south":{"uv":[7.5,6,8.75,6.25],"texture":"#0"},"west":{"uv":[1,8.25,1.25,8.5],"texture":"#0"},"up":{"uv":[8.75,6.5,7.5,6.25],"texture":"#0"},"down":{"uv":[8.75,6.5,7.5,6.75],"texture":"#0"}}},{"from":[8.34287,20.02343,7.5],"to":[15.34287,22.02343,8.5],"rotation":{"angle":0,"axis":"y","origin":[13.84287,20.27343,8]},"faces":{"north":{"uv":[3,6.5,4.25,7],"texture":"#0"},"east":{"uv":[6,6.5,6.25,7],"texture":"#0"},"south":{"uv":[4.75,6.5,6,7],"texture":"#0"},"west":{"uv":[8.25,0.5,8.5,1],"texture":"#0"},"up":{"uv":[8,7.75,6.75,7.5],"texture":"#0"},"down":{"uv":[8.75,6.75,7.5,7],"texture":"#0"}}},{"from":[8.55287,19.03343,7.535],"to":[15.53287,20.01343,8.515],"rotation":{"angle":0,"axis":"y","origin":[13.84287,20.27343,8]},"faces":{"north":{"uv":[7.5,7,8.75,7.25],"texture":"#0"},"east":{"uv":[1.25,8.25,1.5,8.5],"texture":"#0"},"south":{"uv":[7.5,7.25,8.75,7.5],"texture":"#0"},"west":{"uv":[1.5,8.25,1.75,8.5],"texture":"#0"},"up":{"uv":[9,0.25,7.75,0],"texture":"#0"},"down":{"uv":[9,0.25,7.75,0.5],"texture":"#0"}}},{"from":[8.34287,18.02343,7.95],"to":[15.34287,20.02343,7.95],"rotation":{"angle":0,"axis":"y","origin":[12.84287,20.27343,8]},"faces":{"north":{"uv":[6.5,4.75,7.75,5.25],"texture":"#0"},"east":{"uv":[0,0,0,0.5],"texture":"#0"},"south":{"uv":[6.75,3.5,8,4],"texture":"#0"},"west":{"uv":[0,0,0,0.5],"texture":"#0"},"up":{"uv":[1.25,0,0,0],"texture":"#0"},"down":{"uv":[1.25,0,0,0],"texture":"#0"}}},{"from":[14.37612,16.58268,8],"to":[20.37612,18.58268,8],"rotation":{"angle":-22.5,"axis":"z","origin":[18.48107,18.83268,8]},"faces":{"north":{"uv":[6.25,0,7.75,0.5],"texture":"#0"},"east":{"uv":[0,0,0,0.5],"texture":"#0"},"south":{"uv":[6.25,3,7.75,3.5],"texture":"#0"},"west":{"uv":[0,0,0,0.5],"texture":"#0"},"up":{"uv":[1.5,0,0,0],"texture":"#0"},"down":{"uv":[1.5,0,0,0],"texture":"#0"}}},{"from":[14.53612,17.59268,7.51],"to":[20.51612,18.57268,8.49],"rotation":{"angle":-22.5,"axis":"z","origin":[18.48107,18.83268,8]},"faces":{"north":{"uv":[7.5,1.5,9,1.75],"texture":"#0"},"east":{"uv":[6,4.5,6.25,4.75],"texture":"#0"},"south":{"uv":[7.5,1.75,9,2],"texture":"#0"},"west":{"uv":[3,6.25,3.25,6.5],"texture":"#0"},"up":{"uv":[9,2.25,7.5,2],"texture":"#0"},"down":{"uv":[9,2.25,7.5,2.5],"texture":"#0"}}},{"from":[14.32612,18.55768,7.475],"to":[20.32612,20.55768,8.475],"rotation":{"angle":-22.5,"axis":"z","origin":[18.48107,18.83268,8]},"faces":{"north":{"uv":[6,1.75,7.5,2.25],"texture":"#0"},"east":{"uv":[0.75,5,1,5.5],"texture":"#0"},"south":{"uv":[4.75,6,6.25,6.5],"texture":"#0"},"west":{"uv":[0.75,5.5,1,6],"texture":"#0"},"up":{"uv":[9,4.75,7.5,4.5],"texture":"#0"},"down":{"uv":[6.25,7.5,4.75,7.75],"texture":"#0"}}},{"from":[14.36612,19.57268,7.49],"to":[20.38612,20.59268,8.51],"rotation":{"angle":-22.5,"axis":"z","origin":[18.48107,18.83268,8]},"faces":{"north":{"uv":[7.5,2.5,9,2.75],"texture":"#0"},"east":{"uv":[6.5,5.25,6.75,5.5],"texture":"#0"},"south":{"uv":[7.5,2.75,9,3],"texture":"#0"},"west":{"uv":[6.75,5.25,7,5.5],"texture":"#0"},"up":{"uv":[9,4.25,7.5,4],"texture":"#0"},"down":{"uv":[9,4.25,7.5,4.5],"texture":"#0"}}},{"from":[20.59377,16.25627,7.465],"to":[21.61377,19.27627,8.485],"rotation":{"angle":22.5,"axis":"z","origin":[20.12448,17.74556,8]},"faces":{"north":{"uv":[8,7.5,8.75,7.75],"rotation":270,"texture":"#0"},"east":{"uv":[8.75,8.25,8,8],"rotation":90,"texture":"#0"},"south":{"uv":[8,7.75,8.75,8],"rotation":90,"texture":"#0"},"west":{"uv":[0.75,8.25,0,8.5],"rotation":90,"texture":"#0"},"up":{"uv":[2.25,7.75,2.5,8],"rotation":90,"texture":"#0"},"down":{"uv":[0.75,7.5,1,7.75],"rotation":90,"texture":"#0"}}},{"from":[19.65377,16.26627,7.5],"to":[21.65377,19.26627,8.5],"rotation":{"angle":22.5,"axis":"z","origin":[20.12448,17.74556,8]},"faces":{"north":{"uv":[4.75,7,5.5,7.5],"rotation":270,"texture":"#0"},"east":{"uv":[8,8,7.25,7.75],"rotation":90,"texture":"#0"},"south":{"uv":[7,5.25,7.75,5.75],"rotation":90,"texture":"#0"},"west":{"uv":[0.75,8,0,8.25],"rotation":90,"texture":"#0"},"up":{"uv":[2.5,4.5,2.75,5],"rotation":90,"texture":"#0"},"down":{"uv":[2.5,4,2.75,4.5],"rotation":90,"texture":"#0"}}},{"from":[18.74662,16.27627,7.51],"to":[19.72662,19.25627,8.49],"rotation":{"angle":22.5,"axis":"z","origin":[20.12448,17.74556,8]},"faces":{"north":{"uv":[2.25,8,3,8.25],"rotation":270,"texture":"#0"},"east":{"uv":[8.75,4,8,3.75],"rotation":90,"texture":"#0"},"south":{"uv":[8,3.5,8.75,3.75],"rotation":90,"texture":"#0"},"west":{"uv":[8,8,7.25,8.25],"rotation":90,"texture":"#0"},"up":{"uv":[4,7,4.25,7.25],"rotation":90,"texture":"#0"},"down":{"uv":[3.75,7,4,7.25],"rotation":90,"texture":"#0"}}},{"from":[17.60377,15.26627,7.975],"to":[21.60377,19.26627,7.975],"rotation":{"angle":22.5,"axis":"z","origin":[20.12448,17.74556,8]},"faces":{"north":{"uv":[4.75,0.75,5.75,1.75],"rotation":270,"texture":"#0"},"east":{"uv":[1,0,0,0],"rotation":90,"texture":"#0"},"south":{"uv":[4.25,4.75,5.25,5.75],"rotation":90,"texture":"#0"},"west":{"uv":[1,0,0,0],"rotation":90,"texture":"#0"},"up":{"uv":[0,0,0,1],"rotation":90,"texture":"#0"},"down":{"uv":[0,0,0,1],"rotation":90,"texture":"#0"}}}],"gui_light":"front"}