{
    "model": {
      "type": "range_dispatch",
      "property": "custom_model_data",
      "entries": [
        {
          "threshold": 1,
          "model": {
            "type": "model",
            "model": "item/hoplite/melisyn"
          }
        },
        {
          "threshold": 12,
          "model": {
            "type": "model",
            "model": "item/hoplite/midas_sword"
          }
        },
        {
          "threshold": 11,
          "model": {
            "type": "model",
            "model": "item/hoplite/emerald_blade"
          }
        },
        {
          "threshold": 2,
          "model": {
            "type": "model",
            "model": "item/hoplite/excalibur"
          }
        },
        {
          "threshold": 14,
          "model": {
            "type": "model",
            "model": "item/hoplite/dragon_katana"
          }
          },
          {
          "threshold": 42,
          "model": {
            "type": "model",
            "model": "item/hoplite/shadow_blade"
          }
        },
        {
          "threshold": 15,
          "model": {
            "type": "model",
            "model": "item/hoplite/magma_club"
          }
        },
        {
          "threshold": 16,
          "model": {
            "type": "model",
            "model": "item/hoplite/crimson_chainsword"
          }
        },
        {
          "threshold": 17,
          "model": {
            "type": "model",
            "model": "item/hoplite/cloud_sword"
          }
        }
        
        
      ],
      "fallback": {
        "type": "model",
        "model": "item/diamond_sword"
      }
    }
  }