{
    "model": {
      "type": "range_dispatch",
      "property": "custom_model_data",
      "entries": [
        {
          "threshold": 1,
          "model": {
            "type": "model",
            "model": "item/totems/stoika"
          }
        },
        {
          "threshold": 3,
          "model": {
            "type": "model",
            "model": "item/totems/melisyn"
          }
        },
        {
          "threshold": 4,
          "model": {
            "type": "model",
            "model": "item/totems/bosni"
          }
        },
        {
          "threshold": 5,
          "model": {
            "type": "model",
            "model": "item/totems/daa_kirill"
          }
        },
        {
          "threshold": 6,
          "model": {
            "type": "model",
            "model": "item/totems/nikita"
          }
        },
        {
          "threshold": 7,
          "model": {
            "type": "model",
            "model": "item/totems/korabl"
          }
        },
        {
          "threshold": 2,
          "model": {
            "type": "model",
            "model": "item/totems/skorka"
          }
        }
      ],
      "fallback": {
        "type": "model",
        "model": "item/totem_of_undying"
      }
    }
  }