{
	"credit": "Made with Blockbench",
	"texture_size": [32, 32],
	"textures": {
		"0": "item/poseidons_heart_tex",
		"particle": "item/poseidons_heart_tex"
	},
	"elements": [
		{
			"from": [4, 6, 6],
			"to": [11, 10, 10],
			"rotation": {"angle": 0, "axis": "y", "origin": [7, 6, 7]},
			"faces": {
				"north": {"uv": [0, 0, 3.5, 2], "texture": "#0"},
				"east": {"uv": [4.5, 7, 6.5, 9], "texture": "#0"},
				"south": {"uv": [0, 2, 3.5, 4], "texture": "#0"},
				"west": {"uv": [6.5, 7, 8.5, 9], "texture": "#0"},
				"up": {"uv": [7, 2, 3.5, 0], "texture": "#0"},
				"down": {"uv": [7, 2, 3.5, 4], "texture": "#0"}
			}
		},
		{
			"from": [6.5, 10, 7],
			"to": [8.5, 13, 9],
			"rotation": {"angle": 0, "axis": "y", "origin": [8, 12, 8]},
			"faces": {
				"north": {"uv": [0, 10, 1, 11.5], "texture": "#0"},
				"east": {"uv": [1, 10, 2, 11.5], "texture": "#0"},
				"south": {"uv": [2, 10, 3, 11.5], "texture": "#0"},
				"west": {"uv": [3, 10, 4, 11.5], "texture": "#0"},
				"up": {"uv": [8, 4, 7, 3], "texture": "#0"},
				"down": {"uv": [11, 3, 10, 4], "texture": "#0"}
			}
		},
		{
			"from": [10.75, 7.25, 7.25],
			"to": [12.25, 10.75, 8.75],
			"rotation": {"angle": -22.5, "axis": "z", "origin": [11.5, 8.75, 8]},
			"faces": {
				"north": {"uv": [8.5, 6, 9.5, 8], "texture": "#0"},
				"east": {"uv": [8.5, 8, 9.5, 10], "texture": "#0"},
				"south": {"uv": [4.5, 9, 5.5, 11], "texture": "#0"},
				"west": {"uv": [5.5, 9, 6.5, 11], "texture": "#0"},
				"up": {"uv": [11, 5, 10, 4], "texture": "#0"},
				"down": {"uv": [11, 5, 10, 6], "texture": "#0"}
			}
		},
		{
			"from": [3.5, 8, 7],
			"to": [5.5, 12, 9],
			"rotation": {"angle": 45, "axis": "z", "origin": [4.5, 10.5, 8]},
			"faces": {
				"north": {"uv": [6.5, 9, 7.5, 11], "texture": "#0"},
				"east": {"uv": [7.5, 9, 8.5, 11], "texture": "#0"},
				"south": {"uv": [9.5, 6, 10.5, 8], "texture": "#0"},
				"west": {"uv": [9.5, 8, 10.5, 10], "texture": "#0"},
				"up": {"uv": [9.5, 11, 8.5, 10], "texture": "#0"},
				"down": {"uv": [10.5, 10, 9.5, 11], "texture": "#0"}
			}
		},
		{
			"from": [5.00483, 0.51577, 6.75],
			"to": [9.25483, 6.51577, 9.25],
			"rotation": {"angle": 0, "axis": "z", "origin": [7.75483, 3.51577, 8]},
			"faces": {
				"north": {"uv": [0, 4, 2, 7], "texture": "#0"},
				"east": {"uv": [0, 7, 1.5, 10], "texture": "#0"},
				"south": {"uv": [2, 4, 4, 7], "texture": "#0"},
				"west": {"uv": [7, 0, 8.5, 3], "texture": "#0"},
				"up": {"uv": [10, 4.5, 8, 3], "texture": "#0"},
				"down": {"uv": [10, 4.5, 8, 6], "texture": "#0"}
			}
		},
		{
			"from": [7.46194, 1.80866, 6.5],
			"to": [10.96194, 7.80866, 9.5],
			"rotation": {"angle": -45, "axis": "z", "origin": [9.96194, 4.80866, 8]},
			"faces": {
				"north": {"uv": [4, 4, 6, 7], "texture": "#0"},
				"east": {"uv": [1.5, 7, 3, 10], "texture": "#0"},
				"south": {"uv": [6, 4, 8, 7], "texture": "#0"},
				"west": {"uv": [3, 7, 4.5, 10], "texture": "#0"},
				"up": {"uv": [10.5, 1.5, 8.5, 0], "texture": "#0"},
				"down": {"uv": [10.5, 1.5, 8.5, 3], "texture": "#0"}
			}
		}
	],
	"gui_light": "front",
	"display": {
		"thirdperson_righthand": {
			"rotation": [100, 65, -85],
			"translation": [-0.5, 2.25, 1.75],
			"scale": [0.8, 0.8, 0.8]
		},
		"thirdperson_lefthand": {
			"rotation": [100, 65, -85],
			"translation": [-0.5, 2.25, 1.75],
			"scale": [0.8, 0.8, 0.8]
		},
		"firstperson_righthand": {
			"rotation": [126.36, 74.15, -113.91],
			"translation": [1.5, 5.75, 0.5]
		},
		"firstperson_lefthand": {
			"rotation": [126.36, 74.15, -113.91],
			"translation": [1.5, 5.75, 0.5]
		},
		"ground": {
			"rotation": [91, 0, 0],
			"translation": [0, -1.25, 1],
			"scale": [0.9, 0.9, 0.9]
		},
		"gui": {
			"rotation": [-20, -160, 45],
			"translation": [0.25, 1, 0],
			"scale": [1.1, 1.1, 1.1]
		},
		"head": {
			"translation": [0, 1.5, -7.25]
		},
		"fixed": {
			"rotation": [0, 0, 45],
			"translation": [-0.5, 1, 0],
			"scale": [1.3, 1.3, 1.3]
		}
	},
	"groups": [
		{
			"name": "group",
			"origin": [8, 8, 8],
			"color": 0,
			"children": [0, 1, 2, 3, 4, 5]
		}
	]
}