{
    "model": {
      "type": "range_dispatch",
      "property": "custom_model_data",
      "entries": [
        {
          "threshold": 1,
          "model": {
            "type": "model",
            "model": "item/totems/stoika"
          }
        },
        {
          "threshold": 2,
          "model": {
            "type": "model",
            "model": "item/totems/skorka"
          }
        },
        {
          "threshold": 3,
          "model": {
            "type": "model",
            "model": "item/totems/ravager"
          }
        },
        {
          "threshold": 4,
          "model": {
            "type": "model",
            "model": "item/totems/exp"
          }
        },
        {
          "threshold": 5,
          "model": {
            "type": "model",
            "model": "item/totems/kortel"
          }
        },
        {
          "threshold": 6,
          "model": {
            "type": "model",
            "model": "item/totems/creaking"
          }
        }
      ],
      "fallback": {
        "type": "model",
        "model": "item/totem_of_undying"
      }
    }
  }