{
	"format_version": "1.21.6",
	"credit": "Made with Blockbench",
	"texture_size": [64, 64],
	"textures": {
		"3": "item/gambling_blade_tex",
		"particle": "item/gambling_blade_tex"
	},
	"elements": [
		{
			"from": [6, 6, 6],
			"to": [10, 10, 10],
			"rotation": {"angle": 45, "axis": "z", "origin": [8, 8, 8]},
			"faces": {
				"north": {"uv": [6, 4, 7, 5], "texture": "#3"},
				"east": {"uv": [5, 6, 6, 7], "texture": "#3"},
				"south": {"uv": [6, 6, 7, 7], "texture": "#3"},
				"west": {"uv": [0, 6.25, 1, 7.25], "texture": "#3"},
				"up": {"uv": [7.25, 1, 6.25, 0], "texture": "#3"},
				"down": {"uv": [2, 6.25, 1, 7.25], "texture": "#3"}
			}
		},
		{
			"from": [1.1, 6.85, 6.85],
			"to": [3.4, 9.15, 9.15],
			"rotation": {"angle": 0, "axis": "y", "origin": [-6, 7, 8]},
			"faces": {
				"north": {"uv": [7.25, 0.25, 7.75, 0.75], "texture": "#3"},
				"east": {"uv": [1, 7.25, 1.5, 7.75], "texture": "#3"},
				"south": {"uv": [1.5, 7.25, 2, 7.75], "texture": "#3"},
				"west": {"uv": [7.25, 4, 7.75, 4.5], "texture": "#3"},
				"up": {"uv": [7.75, 5, 7.25, 4.5], "texture": "#3"},
				"down": {"uv": [7.75, 5, 7.25, 5.5], "texture": "#3"}
			}
		},
		{
			"from": [3, 7.1, 7.1],
			"to": [13, 8.9, 8.9],
			"rotation": {"angle": 0, "axis": "y", "origin": [5, 7, 8]},
			"faces": {
				"north": {"uv": [5, 5.5, 7.5, 6], "texture": "#3"},
				"east": {"uv": [7.25, 6, 7.75, 6.5], "texture": "#3"},
				"south": {"uv": [6, 2.5, 8.5, 3], "texture": "#3"},
				"west": {"uv": [7.25, 6.5, 7.75, 7], "texture": "#3"},
				"up": {"uv": [8.5, 3.5, 6, 3], "texture": "#3"},
				"down": {"uv": [8.5, 3.5, 6, 4], "texture": "#3"}
			}
		},
		{
			"from": [7.1, 0, 7.1],
			"to": [8.9, 7, 8.9],
			"rotation": {"angle": 0, "axis": "y", "origin": [8, 5, 8]},
			"faces": {
				"north": {"uv": [2, 6.25, 2.5, 8], "texture": "#3"},
				"east": {"uv": [2.5, 6.5, 3, 8.25], "texture": "#3"},
				"south": {"uv": [3, 6.5, 3.5, 8.25], "texture": "#3"},
				"west": {"uv": [3.5, 6.5, 4, 8.25], "texture": "#3"},
				"up": {"uv": [6.5, 5.5, 6, 5], "texture": "#3"},
				"down": {"uv": [7, 5, 6.5, 5.5], "texture": "#3"}
			}
		},
		{
			"from": [7, 0, 7],
			"to": [9, 7, 9],
			"rotation": {"angle": 0, "axis": "y", "origin": [8, 5, 8]},
			"faces": {
				"north": {"uv": [4, 6.5, 4.5, 8.25], "texture": "#3"},
				"east": {"uv": [5, 7, 5.5, 8.75], "texture": "#3"},
				"south": {"uv": [5.5, 7, 6, 8.75], "texture": "#3"},
				"west": {"uv": [6, 7, 6.5, 8.75], "texture": "#3"},
				"up": {"uv": [8.25, 5.25, 7.75, 4.75], "texture": "#3"},
				"down": {"uv": [8.25, 6, 7.75, 6.5], "texture": "#3"}
			}
		},
		{
			"from": [12.6, 6.85, 6.85],
			"to": [14.9, 9.15, 9.15],
			"rotation": {"angle": 0, "axis": "y", "origin": [22, 7, 8]},
			"faces": {
				"north": {"uv": [7.25, 7, 7.75, 7.5], "texture": "#3"},
				"east": {"uv": [0, 7.5, 0.5, 8], "texture": "#3"},
				"south": {"uv": [0.5, 7.5, 1, 8], "texture": "#3"},
				"west": {"uv": [7.5, 5.5, 8, 6], "texture": "#3"},
				"up": {"uv": [7.5, 8, 7, 7.5], "texture": "#3"},
				"down": {"uv": [8, 7.5, 7.5, 8], "texture": "#3"}
			}
		},
		{
			"from": [6.85, -1.15, 6.85],
			"to": [9.15, 1.15, 9.15],
			"rotation": {"angle": 0, "axis": "y", "origin": [16.25, -1, 8]},
			"faces": {
				"north": {"uv": [7.75, 0.25, 8.25, 0.75], "texture": "#3"},
				"east": {"uv": [7.75, 0.75, 8.25, 1.25], "texture": "#3"},
				"south": {"uv": [1, 7.75, 1.5, 8.25], "texture": "#3"},
				"west": {"uv": [7.75, 1.25, 8.25, 1.75], "texture": "#3"},
				"up": {"uv": [2, 8.25, 1.5, 7.75], "texture": "#3"},
				"down": {"uv": [8.25, 1.75, 7.75, 2.25], "texture": "#3"}
			}
		},
		{
			"from": [6, 8.9, 7.5],
			"to": [10, 28.9, 8.5],
			"rotation": {"angle": 0, "axis": "y", "origin": [8, 4.9, 8.5]},
			"faces": {
				"north": {"uv": [3, 0, 4, 5], "texture": "#3"},
				"east": {"uv": [4.5, 5, 4.75, 10], "texture": "#3"},
				"south": {"uv": [4, 0, 5, 5], "texture": "#3"},
				"west": {"uv": [4.75, 5, 5, 10], "texture": "#3"},
				"up": {"uv": [1, 7.5, 0, 7.25], "texture": "#3"},
				"down": {"uv": [8.25, 0, 7.25, 0.25], "texture": "#3"}
			}
		},
		{
			"from": [5, 8.9, 8],
			"to": [11, 28.9, 8],
			"rotation": {"angle": 0, "axis": "y", "origin": [8, 4.9, 8]},
			"faces": {
				"north": {"uv": [0, 0, 1.5, 5], "texture": "#3"},
				"east": {"uv": [0, 0, 0, 5], "texture": "#3"},
				"south": {"uv": [1.5, 0, 3, 5], "texture": "#3"},
				"west": {"uv": [0, 0, 0, 5], "texture": "#3"},
				"up": {"uv": [1.5, 0, 0, 0], "texture": "#3"},
				"down": {"uv": [1.5, 0, 0, 0], "texture": "#3"}
			}
		},
		{
			"from": [10, 7.9, 7.999],
			"to": [14, 13.9, 8.009],
			"rotation": {"angle": -45, "axis": "z", "origin": [12, 10.9, 8.0075]},
			"faces": {
				"north": {"uv": [2.5, 5, 3.5, 6.5], "texture": "#3"},
				"east": {"uv": [7, 4, 7.25, 5.5], "texture": "#3"},
				"south": {"uv": [5, 2.5, 6, 4], "texture": "#3"},
				"west": {"uv": [7, 6, 7.25, 7.5], "texture": "#3"},
				"up": {"uv": [8.75, 2.5, 7.75, 2.25], "texture": "#3"},
				"down": {"uv": [8.75, 4, 7.75, 4.25], "texture": "#3"}
			}
		},
		{
			"from": [4.5, 25.9, 8],
			"to": [9.5, 30.9, 8],
			"rotation": {"angle": -45, "axis": "z", "origin": [8, 27.4, 7.5]},
			"faces": {
				"north": {"uv": [1.25, 5, 2.5, 6.25], "texture": "#3"},
				"east": {"uv": [0, 0, 0, 1.25], "texture": "#3"},
				"south": {"uv": [5, 1.25, 6.25, 2.5], "texture": "#3"},
				"west": {"uv": [0, 0, 0, 1.25], "texture": "#3"},
				"up": {"uv": [1.25, 0, 0, 0], "texture": "#3"},
				"down": {"uv": [1.25, 0, 0, 0], "texture": "#3"}
			}
		},
		{
			"from": [5.49, 26.89, 7.49],
			"to": [8.51, 29.91, 8.51],
			"rotation": {"angle": -45, "axis": "z", "origin": [8, 27.4, 8]},
			"faces": {
				"north": {"uv": [7, 1, 7.75, 1.75], "texture": "#3"},
				"east": {"uv": [0.25, 8, 0.5, 8.75], "texture": "#3"},
				"south": {"uv": [7, 1.75, 7.75, 2.5], "texture": "#3"},
				"west": {"uv": [0.5, 8, 0.75, 8.75], "texture": "#3"},
				"up": {"uv": [8.75, 5.75, 8, 5.5], "texture": "#3"},
				"down": {"uv": [8.75, 5.75, 8, 6], "texture": "#3"}
			}
		},
		{
			"from": [2, 7.9, 7.999],
			"to": [6, 13.9, 8.009],
			"rotation": {"angle": 45, "axis": "z", "origin": [4, 10.9, 8.0075]},
			"faces": {
				"north": {"uv": [3.5, 5, 4.5, 6.5], "texture": "#3"},
				"east": {"uv": [6.5, 7, 6.75, 8.5], "texture": "#3"},
				"south": {"uv": [5, 4, 6, 5.5], "texture": "#3"},
				"west": {"uv": [6.75, 7, 7, 8.5], "texture": "#3"},
				"up": {"uv": [8.75, 4.5, 7.75, 4.25], "texture": "#3"},
				"down": {"uv": [8.75, 4.5, 7.75, 4.75], "texture": "#3"}
			}
		}
	],
	"gui_light": "front",
	"display": {
		"thirdperson_righthand": {
			"rotation": [0, -90, 0],
			"translation": [0, 0.75, 0],
			"scale": [0.7, 0.7, 0.7]
		},
		"thirdperson_lefthand": {
			"rotation": [0, 90, 0],
			"translation": [0, 0.75, 0],
			"scale": [0.7, 0.7, 0.7]
		},
		"firstperson_righthand": {
			"rotation": [90, 87, -83],
			"translation": [1.5, 0.75, -0.25],
			"scale": [0.7, 0.7, 0.7]
		},
		"firstperson_lefthand": {
			"rotation": [90, 87, -83],
			"translation": [1.5, 0.75, -0.25],
			"scale": [0.7, 0.7, 0.7]
		},
		"ground": {
			"rotation": [90, 0, 0],
			"translation": [0, -1.5, -4.5],
			"scale": [0.7, 0.7, 0.7]
		},
		"gui": {
			"rotation": [0, 180, 45],
			"translation": [-3.5, -3.5, 0],
			"scale": [0.7, 0.7, 0.7]
		},
		"head": {
			"rotation": [0, 0, -180],
			"translation": [0, 19, 0]
		},
		"fixed": {
			"rotation": [0, 0, 45],
			"translation": [4, -4, 0],
			"scale": [0.8, 0.8, 0.8]
		}
	}
}