{
	"credit": "Made with Blockbench",
	"texture_size": [64, 64],
	"textures": {
		"2": "item/refraction_staff_tex",
		"particle": "item/refraction_staff_tex"
	},
	"elements": [
		{
			"from": [7, -3, 7],
			"to": [9, 17, 9],
			"rotation": {"angle": 0, "axis": "y", "origin": [7, 0, 7]},
			"faces": {
				"north": {"uv": [2, 8, 2.5, 13], "texture": "#2"},
				"east": {"uv": [8, 2, 8.5, 7], "texture": "#2"},
				"south": {"uv": [2.5, 8, 3, 13], "texture": "#2"},
				"west": {"uv": [3, 8, 3.5, 13], "texture": "#2"},
				"up": {"uv": [9, 4.5, 8.5, 4], "texture": "#2"},
				"down": {"uv": [9, 4.5, 8.5, 5], "texture": "#2"}
			}
		},
		{
			"from": [1, 15, 7],
			"to": [7, 17, 9],
			"rotation": {"angle": 0, "axis": "y", "origin": [5, 0, 7]},
			"faces": {
				"north": {"uv": [8.5, 2, 10, 2.5], "texture": "#2"},
				"east": {"uv": [8.5, 5, 9, 5.5], "texture": "#2"},
				"south": {"uv": [8.5, 2.5, 10, 3], "texture": "#2"},
				"west": {"uv": [5.5, 8.5, 6, 9], "texture": "#2"},
				"up": {"uv": [10, 3.5, 8.5, 3], "texture": "#2"},
				"down": {"uv": [10, 3.5, 8.5, 4], "texture": "#2"}
			}
		},
		{
			"from": [1, 17, 7],
			"to": [3, 27, 9],
			"rotation": {"angle": 0, "axis": "y", "origin": [2, 2, 7]},
			"faces": {
				"north": {"uv": [3.5, 8, 4, 10.5], "texture": "#2"},
				"east": {"uv": [4, 8, 4.5, 10.5], "texture": "#2"},
				"south": {"uv": [4.5, 8, 5, 10.5], "texture": "#2"},
				"west": {"uv": [5, 8, 5.5, 10.5], "texture": "#2"},
				"up": {"uv": [9, 6, 8.5, 5.5], "texture": "#2"},
				"down": {"uv": [6.5, 8.5, 6, 9], "texture": "#2"}
			}
		},
		{
			"from": [1, 27, 7],
			"to": [9, 29, 9],
			"rotation": {"angle": 0, "axis": "y", "origin": [4, 2, 7]},
			"faces": {
				"north": {"uv": [5.5, 8, 7.5, 8.5], "texture": "#2"},
				"east": {"uv": [8.5, 6, 9, 6.5], "texture": "#2"},
				"south": {"uv": [8, 7, 10, 7.5], "texture": "#2"},
				"west": {"uv": [6.5, 8.5, 7, 9], "texture": "#2"},
				"up": {"uv": [9.5, 8.5, 7.5, 8], "texture": "#2"},
				"down": {"uv": [10, 7.5, 8, 8], "texture": "#2"}
			}
		},
		{
			"from": [7, 29, 7],
			"to": [9, 30, 9],
			"rotation": {"angle": 0, "axis": "y", "origin": [10, 4, 7]},
			"faces": {
				"north": {"uv": [7.5, 8.5, 8, 8.75], "texture": "#2"},
				"east": {"uv": [8, 8.5, 8.5, 8.75], "texture": "#2"},
				"south": {"uv": [8.5, 8.5, 9, 8.75], "texture": "#2"},
				"west": {"uv": [7.5, 8.75, 8, 9], "texture": "#2"},
				"up": {"uv": [9, 7, 8.5, 6.5], "texture": "#2"},
				"down": {"uv": [7.5, 8.5, 7, 9], "texture": "#2"}
			}
		},
		{
			"from": [4, 18, 4],
			"to": [12, 26, 12],
			"rotation": {"angle": 0, "axis": "y", "origin": [9, 7, 9]},
			"faces": {
				"north": {"uv": [0, 0, 2, 2], "texture": "#2"},
				"east": {"uv": [0, 2, 2, 4], "texture": "#2"},
				"south": {"uv": [2, 0, 4, 2], "texture": "#2"},
				"west": {"uv": [2, 2, 4, 4], "texture": "#2"},
				"up": {"uv": [2, 6, 0, 4], "texture": "#2"},
				"down": {"uv": [6, 0, 4, 2], "texture": "#2"}
			}
		},
		{
			"from": [3.6, 17.6, 3.6],
			"to": [12.4, 26.4, 3.6],
			"rotation": {"angle": 0, "axis": "y", "origin": [9, 7, 0.6]},
			"faces": {
				"north": {"uv": [2, 4, 4, 6], "texture": "#2"},
				"east": {"uv": [0, 0, 0, 2], "texture": "#2"},
				"south": {"uv": [4, 2, 6, 4], "texture": "#2"},
				"west": {"uv": [0, 0, 0, 2], "texture": "#2"},
				"up": {"uv": [2, 0, 0, 0], "texture": "#2"},
				"down": {"uv": [2, 0, 0, 0], "texture": "#2"}
			}
		},
		{
			"from": [3.6, 17.6, 12.4],
			"to": [12.4, 26.4, 12.4],
			"rotation": {"angle": 0, "axis": "y", "origin": [9, 7, 9.4]},
			"faces": {
				"north": {"uv": [4, 4, 6, 6], "texture": "#2"},
				"east": {"uv": [0, 0, 0, 2], "texture": "#2"},
				"south": {"uv": [0, 6, 2, 8], "texture": "#2"},
				"west": {"uv": [0, 0, 0, 2], "texture": "#2"},
				"up": {"uv": [2, 0, 0, 0], "texture": "#2"},
				"down": {"uv": [2, 0, 0, 0], "texture": "#2"}
			}
		},
		{
			"from": [12.4, 17.6, 3.6],
			"to": [12.4, 26.4, 12.4],
			"rotation": {"angle": 0, "axis": "y", "origin": [8.2, 22, 8]},
			"faces": {
				"north": {"uv": [0, 0, 0, 2], "texture": "#2"},
				"east": {"uv": [6, 0, 8, 2], "texture": "#2"},
				"south": {"uv": [0, 0, 0, 2], "texture": "#2"},
				"west": {"uv": [2, 6, 4, 8], "texture": "#2"},
				"up": {"uv": [0, 2, 0, 0], "texture": "#2"},
				"down": {"uv": [0, 0, 0, 2], "texture": "#2"}
			}
		},
		{
			"from": [3.6, 17.6, 3.6],
			"to": [3.6, 26.4, 12.4],
			"rotation": {"angle": 0, "axis": "y", "origin": [7.8, 22, 8]},
			"faces": {
				"north": {"uv": [0, 0, 0, 2], "texture": "#2"},
				"east": {"uv": [6, 2, 8, 4], "texture": "#2"},
				"south": {"uv": [0, 0, 0, 2], "texture": "#2"},
				"west": {"uv": [4, 6, 6, 8], "texture": "#2"},
				"up": {"uv": [0, 2, 0, 0], "texture": "#2"},
				"down": {"uv": [0, 0, 0, 2], "texture": "#2"}
			}
		},
		{
			"from": [3.6, 26.4, 3.6],
			"to": [12.4, 26.4, 12.4],
			"rotation": {"angle": 0, "axis": "y", "origin": [9, 7.4, 9]},
			"faces": {
				"north": {"uv": [0, 0, 2, 0], "texture": "#2"},
				"east": {"uv": [0, 0, 2, 0], "texture": "#2"},
				"south": {"uv": [0, 0, 2, 0], "texture": "#2"},
				"west": {"uv": [0, 0, 2, 0], "texture": "#2"},
				"up": {"uv": [8, 6, 6, 4], "texture": "#2"},
				"down": {"uv": [8, 6, 6, 8], "texture": "#2"}
			}
		},
		{
			"from": [3.6, 17.6, 3.6],
			"to": [12.4, 17.6, 12.4],
			"rotation": {"angle": 0, "axis": "y", "origin": [9, -1.4, 9]},
			"faces": {
				"north": {"uv": [0, 0, 2, 0], "texture": "#2"},
				"east": {"uv": [0, 0, 2, 0], "texture": "#2"},
				"south": {"uv": [0, 0, 2, 0], "texture": "#2"},
				"west": {"uv": [0, 0, 2, 0], "texture": "#2"},
				"up": {"uv": [2, 10, 0, 8], "texture": "#2"},
				"down": {"uv": [10, 0, 8, 2], "texture": "#2"}
			}
		}
	],
	"gui_light": "front",
	"display": {
		"thirdperson_righthand": {
			"rotation": [0, 90, 0],
			"translation": [0, -2, 0],
			"scale": [0.7, 0.7, 0.7]
		},
		"thirdperson_lefthand": {
			"rotation": [0, -90, 0],
			"translation": [0, -2, 0],
			"scale": [0.7, 0.7, 0.7]
		},
		"firstperson_righthand": {
			"rotation": [93.5, 84, -90],
			"translation": [0.5, 1, 0],
			"scale": [0.6, 0.6, 0.6]
		},
		"firstperson_lefthand": {
			"rotation": [-46.73, -82.21, -50.52],
			"translation": [0.5, 1, 0],
			"scale": [0.6, 0.6, 0.6]
		},
		"ground": {
			"rotation": [90, 0, 90],
			"translation": [3, 0.5, 0.5],
			"scale": [0.6, 0.6, 0.6]
		},
		"gui": {
			"rotation": [0, 180, 0],
			"translation": [0, -3.5, 0],
			"scale": [0.55, 0.55, 0.55]
		},
		"head": {
			"rotation": [-180, 90, -180]
		},
		"fixed": {
			"translation": [0, -3.5, -0.5],
			"scale": [0.7, 0.7, 0.7]
		}
	},
	"groups": [
		{
			"name": "group",
			"origin": [8, 8, 8],
			"color": 0,
			"children": [0, 1, 2, 3, 4, 5, 6, 7, 8, 9, 10, 11]
		}
	]
}