{
    "model": {
      "type": "range_dispatch",
      "property": "custom_model_data",
      "entries": [
        {
          "threshold": 1,
          "model": {
            "type": "model",
            "model": "item/soul_keeper"
          }
        },
        {
          "threshold": 12,
          "model": {
            "type": "model",
            "model": "item/hoplite/midas_sword"
          }
        },
        {
          "threshold": 11,
          "model": {
            "type": "model",
            "model": "item/hoplite/emerald_blade"
          }
        },
        {
          "threshold": 2017,
          "model": {
            "type": "model",
            "model": "item/hoplite/excalibur"
          }
        },
        {
          "threshold": 2024,
          "model": {
            "type": "model",
            "model": "item/hoplite/dragon_katana"
          }
        },
        {
          "threshold": 1002,
          "model": {
            "type": "model",
            "model": "item/hoplite/shadow_blade"
          }
        }
        
      ],
      "fallback": {
        "type": "model",
        "model": "item/diamond_sword"
      }
    }
  }