{
    "model": {
      "type": "range_dispatch",
      "property": "custom_model_data",
      "entries": [
        {
          "threshold": 1,
          "model": {
            "type": "model",
            "model": "item/icy_mace"
          }
        },
        {
          "threshold": 2,
          "model": {
            "type": "model",
            "model": "item/end_mace"
          }
        },
        {
          "threshold": 3,
          "model": {
            "type": "model",
            "model": "item/flaming_mace"
          }
        }
      ],
      "fallback": {
        "type": "model",
        "model": "item/mace"
      }
    }
  }