{
    "model": {
      "type": "range_dispatch",
      "property": "custom_model_data",
      "entries": [
        {
          "threshold": 1,
          "model": {
            "type": "model",
            "model": "item/refraction_staff"
          }
        },
        {
          "threshold": 10,
          "model": {
            "type": "model",
            "model": "item/hoplite/evoker_wand"
          }
        },
        {
          "threshold": 11,
          "model": {
            "type": "model",
            "model": "item/hoplite/hollow_evoker_wand"
          }
        },
        {
          "threshold": 994,
          "model": {
            "type": "model",
            "model": "item/hoplite/hypnosis_staff"
          }
        }
      ],
      "fallback": {
        "type": "model",
        "model": "item/stone_sword"
      }
    }
  }