{"display":{"thirdperson_righthand":{"translation":[0,-0.75,-1.5],"scale":[0.8,0.8,0.8]},"thirdperson_lefthand":{"translation":[0,-0.75,-1.5],"scale":[0.8,0.8,0.8]},"firstperson_righthand":{"rotation":[0,-5,0],"translation":[1.75,0,0],"scale":[0.8,0.8,0.8]},"firstperson_lefthand":{"rotation":[0,-5,0],"translation":[1.75,0,0],"scale":[0.8,0.8,0.8]},"ground":{"rotation":[11,0,19],"translation":[0,-1.25,0],"scale":[0.5,0.5,0.5]},"gui":{"rotation":[90,45,0],"scale":[0.7,0.7,0.7]},"head":{"translation":[0,-3,0],"scale":[1.5,1.5,1.5]},"fixed":{"rotation":[-90,-135,0],"scale":[0.6,0.6,0.6]}},"texture_size":[64,64],"textures":{"0":"item/hoplite/sonic_crossbow/standby","particle":"item/hoplite/sonic_crossbow/standby"},"elements":[{"from":[6.5,9,4],"to":[9.5,11,16],"rotation":{"angle":0,"axis":"y","origin":[0.5,0,7]},"faces":{"north":{"uv":[6.5,0,7.25,0.5],"texture":"#0"},"east":{"uv":[3,1.5,6,2],"texture":"#0"},"south":{"uv":[1.25,6.75,2,7.25],"texture":"#0"},"west":{"uv":[3,2,6,2.5],"texture":"#0"},"up":{"uv":[2.25,4.5,1.5,1.5],"texture":"#0"},"down":{"uv":[3,1.5,2.25,4.5],"texture":"#0"}}},{"from":[7.5,11,8],"to":[8.5,13,8],"rotation":{"angle":0,"axis":"y","origin":[0.5,0,7]},"faces":{"north":{"uv":[5.75,6.75,6,7.25],"texture":"#0"},"east":{"uv":[0,0,0,0.5],"texture":"#0"},"south":{"uv":[0.25,7.75,0.5,8.25],"texture":"#0"},"west":{"uv":[0,0,0,0.5],"texture":"#0"},"up":{"uv":[0.25,0,0,0],"texture":"#0"},"down":{"uv":[0.25,0,0,0],"texture":"#0"}}},{"from":[7.5,13,7],"to":[8.5,13,8],"rotation":{"angle":0,"axis":"y","origin":[0.5,0,7]},"faces":{"north":{"uv":[0,0,0.25,0],"texture":"#0"},"east":{"uv":[0,0,0.25,0],"texture":"#0"},"south":{"uv":[0,0,0.25,0],"texture":"#0"},"west":{"uv":[0,0,0.25,0],"texture":"#0"},"up":{"uv":[3,4.75,2.75,4.5],"texture":"#0"},"down":{"uv":[1.75,5.25,1.5,5.5],"texture":"#0"}}},{"from":[6.5,9,18],"to":[9.5,11,20],"rotation":{"angle":0,"axis":"y","origin":[0.5,0,7]},"faces":{"north":{"uv":[6.75,5.25,7.5,5.75],"texture":"#0"},"east":{"uv":[4.5,7.5,5,8],"texture":"#0"},"south":{"uv":[6.75,7,7.5,7.5],"texture":"#0"},"west":{"uv":[7.5,5,8,5.5],"texture":"#0"},"up":{"uv":[8,0.5,7.25,0],"texture":"#0"},"down":{"uv":[8,0.5,7.25,1],"texture":"#0"}}},{"from":[7,9.5,16],"to":[9,10.5,19],"rotation":{"angle":0,"axis":"y","origin":[0.5,0,7]},"faces":{"north":{"uv":[6.25,5.5,6.75,5.75],"texture":"#0"},"east":{"uv":[5,1.25,5.75,1.5],"texture":"#0"},"south":{"uv":[0.75,7,1.25,7.25],"texture":"#0"},"west":{"uv":[7.5,3.75,8.25,4],"texture":"#0"},"up":{"uv":[7.25,7,6.75,6.25],"texture":"#0"},"down":{"uv":[0.75,7,0.25,7.75],"texture":"#0"}}},{"from":[7,6,10],"to":[9,10,12],"rotation":{"angle":-22.5,"axis":"x","origin":[8,7.5,11]},"faces":{"north":{"uv":[1,3.5,1.5,4.5],"texture":"#0"},"east":{"uv":[6.25,4.5,6.75,5.5],"texture":"#0"},"south":{"uv":[6,6.25,6.5,7.25],"texture":"#0"},"west":{"uv":[4.5,6.5,5,7.5],"texture":"#0"},"up":{"uv":[8,3.25,7.5,2.75],"texture":"#0"},"down":{"uv":[8,3.25,7.5,3.75],"texture":"#0"}}},{"from":[8,5.7315,7.65015],"to":[8,9.7315,10.65015],"rotation":{"angle":0,"axis":"y","origin":[7,7.7315,9.65015]},"faces":{"north":{"uv":[0,0,0,1],"texture":"#0"},"east":{"uv":[5.25,5.75,6,6.75],"texture":"#0"},"south":{"uv":[0,0,0,1],"texture":"#0"},"west":{"uv":[0.5,6,1.25,7],"texture":"#0"},"up":{"uv":[0,0.75,0,0],"texture":"#0"},"down":{"uv":[0,0,0,0.75],"texture":"#0"}}},{"from":[4.48,9.08,0.98],"to":[6.52,11.12,7.02],"rotation":{"angle":0,"axis":"y","origin":[0.5,0,7]},"faces":{"north":{"uv":[2,7.25,2.5,7.75],"texture":"#0"},"east":{"uv":[4.75,4.5,6.25,5],"texture":"#0"},"south":{"uv":[7.25,2.25,7.75,2.75],"texture":"#0"},"west":{"uv":[5,0,6.5,0.5],"texture":"#0"},"up":{"uv":[5.25,6.5,4.75,5],"texture":"#0"},"down":{"uv":[0.5,5.25,0,6.75],"texture":"#0"}}},{"from":[9.48,9.08,0.98],"to":[11.52,11.12,7.02],"rotation":{"angle":0,"axis":"y","origin":[15.5,0,7]},"faces":{"north":{"uv":[2.5,7.25,3,7.75],"texture":"#0"},"east":{"uv":[2.5,5.75,4,6.25],"texture":"#0"},"south":{"uv":[3,7.25,3.5,7.75],"texture":"#0"},"west":{"uv":[5.75,2.5,7.25,3],"texture":"#0"},"up":{"uv":[6.25,4.5,5.75,3],"texture":"#0"},"down":{"uv":[4.5,5.75,4,7.25],"texture":"#0"}}},{"from":[13.5,9.1,6],"to":[15.5,11.1,9],"rotation":{"angle":22.5,"axis":"y","origin":[11.5,10.1,4.75]},"faces":{"north":{"uv":[4,7.25,4.5,7.75],"texture":"#0"},"east":{"uv":[2,6.75,2.75,7.25],"texture":"#0"},"south":{"uv":[7.25,4.5,7.75,5],"texture":"#0"},"west":{"uv":[2.75,6.75,3.5,7.25],"texture":"#0"},"up":{"uv":[7.25,5.25,6.75,4.5],"texture":"#0"},"down":{"uv":[5.75,6.75,5.25,7.5],"texture":"#0"}}},{"from":[15,8.6,3.5],"to":[16,11.6,10.5],"rotation":{"angle":22.5,"axis":"y","origin":[11.5,10.1,4.75]},"faces":{"north":{"uv":[4.5,5.75,4.75,6.5],"texture":"#0"},"east":{"uv":[3,2.5,4.75,3.25],"texture":"#0"},"south":{"uv":[3.5,6.75,3.75,7.5],"texture":"#0"},"west":{"uv":[3,3.25,4.75,4],"texture":"#0"},"up":{"uv":[4,8,3.75,6.25],"texture":"#0"},"down":{"uv":[5.25,6.5,5,8.25],"texture":"#0"}}},{"from":[10.5,9.1,4],"to":[15.5,11.1,6],"rotation":{"angle":22.5,"axis":"y","origin":[11.5,10.1,4.75]},"faces":{"north":{"uv":[6,0.5,7.25,1],"texture":"#0"},"east":{"uv":[5.75,7.25,6.25,7.75],"texture":"#0"},"south":{"uv":[6,1,7.25,1.5],"texture":"#0"},"west":{"uv":[7.25,6.25,7.75,6.75],"texture":"#0"},"up":{"uv":[7.25,2,6,1.5],"texture":"#0"},"down":{"uv":[7.25,2,6,2.5],"texture":"#0"}}},{"from":[0.5,9.1,4],"to":[5.5,11.1,6],"rotation":{"angle":-22.5,"axis":"y","origin":[4.5,10.1,4.75]},"faces":{"north":{"uv":[1.25,6.25,2.5,6.75],"texture":"#0"},"east":{"uv":[7.5,6.75,8,7.25],"texture":"#0"},"south":{"uv":[2.5,6.25,3.75,6.75],"texture":"#0"},"west":{"uv":[7.25,7.5,7.75,8],"texture":"#0"},"up":{"uv":[7.5,3.5,6.25,3],"texture":"#0"},"down":{"uv":[7.5,3.5,6.25,4],"texture":"#0"}}},{"from":[12.29538,10.1,-0.35604],"to":[16.29538,10.1,3.64396],"rotation":{"angle":0,"axis":"y","origin":[12.29538,10.1,1.44396]},"faces":{"north":{"uv":[5.75,4.5,4.75,3.5],"texture":"#0"},"east":{"uv":[5.75,4.5,4.75,3.5],"texture":"#0"},"south":{"uv":[5.75,4.5,4.75,3.5],"texture":"#0"},"west":{"uv":[5.75,4.5,4.75,3.5],"texture":"#0"},"up":{"uv":[5.75,4.5,4.75,3.5],"texture":"#0"},"down":{"uv":[5.75,3.5,4.75,4.5],"texture":"#0"}}},{"from":[-0.29538,10.1,-0.35604],"to":[3.70462,10.1,3.64396],"rotation":{"angle":0,"axis":"y","origin":[3.70462,10.1,1.44396]},"faces":{"north":{"uv":[4.75,4.5,5.75,3.5],"texture":"#0"},"east":{"uv":[4.75,4.5,5.75,3.5],"texture":"#0"},"south":{"uv":[4.75,4.5,5.75,3.5],"texture":"#0"},"west":{"uv":[4.75,4.5,5.75,3.5],"texture":"#0"},"up":{"uv":[4.75,4.5,5.75,3.5],"texture":"#0"},"down":{"uv":[4.75,3.5,5.75,4.5],"texture":"#0"}}},{"from":[0.5,9.1,6],"to":[2.5,11.1,9],"rotation":{"angle":-22.5,"axis":"y","origin":[4.5,10.1,4.75]},"faces":{"north":{"uv":[5.25,7.5,5.75,8],"texture":"#0"},"east":{"uv":[0.75,7.25,1.5,7.75],"texture":"#0"},"south":{"uv":[6.75,7.5,7.25,8],"texture":"#0"},"west":{"uv":[7.25,1,8,1.5],"texture":"#0"},"up":{"uv":[2,8,1.5,7.25],"texture":"#0"},"down":{"uv":[7.75,1.5,7.25,2.25],"texture":"#0"}}},{"from":[0,8.6,3.5],"to":[1,11.6,10.5],"rotation":{"angle":-22.5,"axis":"y","origin":[4.5,10.1,4.75]},"faces":{"north":{"uv":[6.25,7.25,6.5,8],"texture":"#0"},"east":{"uv":[3,4,4.75,4.75],"texture":"#0"},"south":{"uv":[3.5,7.5,3.75,8.25],"texture":"#0"},"west":{"uv":[0,4.5,1.75,5.25],"texture":"#0"},"up":{"uv":[6.75,8,6.5,6.25],"texture":"#0"},"down":{"uv":[0.25,6.75,0,8.5],"texture":"#0"}}},{"from":[-0.6,11.05,7],"to":[9.4,11.05,8],"rotation":{"angle":0,"axis":"y","origin":[3.5,11,7.3]},"faces":{"north":{"uv":[0,0,2.5,0],"texture":"#0"},"east":{"uv":[0,0,0.25,0],"texture":"#0"},"south":{"uv":[0,0,2.5,0],"texture":"#0"},"west":{"uv":[0,0,0.25,0],"texture":"#0"},"up":{"uv":[8.5,6,6,5.75],"texture":"#0"},"down":{"uv":[8.5,6,6,6.25],"texture":"#0"}}},{"from":[6.6,11.025,7],"to":[16.6,11.025,8],"rotation":{"angle":0,"axis":"y","origin":[12.5,11,7.3]},"faces":{"north":{"uv":[0,0,2.5,0],"texture":"#0"},"east":{"uv":[0,0,0.25,0],"texture":"#0"},"south":{"uv":[0,0,2.5,0],"texture":"#0"},"west":{"uv":[0,0,0.25,0],"texture":"#0"},"up":{"uv":[8.75,4.25,6.25,4],"texture":"#0"},"down":{"uv":[8.75,4.25,6.25,4.5],"texture":"#0"}}},{"from":[6,8.5,2.5],"to":[10,11.5,6.5],"rotation":{"angle":0,"axis":"y","origin":[15.5,0,7]},"faces":{"north":{"uv":[5,0.5,6,1.25],"texture":"#0"},"east":{"uv":[0.5,5.25,1.5,6],"texture":"#0"},"south":{"uv":[5.25,5,6.25,5.75],"texture":"#0"},"west":{"uv":[1.5,5.5,2.5,6.25],"texture":"#0"},"up":{"uv":[1,4.5,0,3.5],"texture":"#0"},"down":{"uv":[2.75,4.5,1.75,5.5],"texture":"#0"}}}],"gui_light":"front"}