{"display":{"thirdperson_righthand":{"translation":[0,4.75,1.75]},"thirdperson_lefthand":{"translation":[0,4.75,1.75]},"firstperson_righthand":{"rotation":[12,5,0],"translation":[4,1.5,-0.75],"scale":[0.6,0.6,0.6]},"firstperson_lefthand":{"rotation":[12,5,0],"translation":[4,1.5,-0.75],"scale":[0.6,0.6,0.6]},"ground":{"rotation":[70,90,0],"translation":[0,1,-2],"scale":[0.5,0.5,0.5]},"gui":{"rotation":[90,45,-90],"translation":[-1.75,-1.75,0],"scale":[0.55,0.55,0.55]},"fixed":{"rotation":[90,-45,90],"translation":[1,-2.25,0],"scale":[0.55,0.55,0.55]}},"texture_size":[32,32],"textures":{"0":"item/hoplite/crimson_chainsword/default","1":"item/hoplite/crimson_chainsword/anim","particle":"item/hoplite/crimson_chainsword/default"},"elements":[{"from":[7.499,24.91321,5.999],"to":[8.501,28.91521,10.001],"rotation":{"angle":45,"axis":"x","origin":[8,26.91421,8]},"faces":{"north":{"uv":[6,7.5,6.25,8.5],"texture":"#0"},"east":{"uv":[4.5,3,5.5,4],"texture":"#0"},"south":{"uv":[6.25,7.5,6.5,8.5],"texture":"#0"},"west":{"uv":[4.5,4,5.5,5],"texture":"#0"},"up":{"uv":[6.75,8.5,6.5,7.5],"texture":"#0"},"down":{"uv":[7,7.5,6.75,8.5],"texture":"#0"}}},{"from":[7.997,23.91121,4.997],"to":[8.003,29.91721,11.003],"rotation":{"angle":45,"axis":"x","origin":[7.5,26.91421,8]},"faces":{"north":{"uv":[0,0,0,1.5],"texture":"#0"},"east":{"uv":[4,0,5.5,1.5],"texture":"#0"},"south":{"uv":[0,0,0,1.5],"texture":"#0"},"west":{"uv":[4,1.5,5.5,3],"texture":"#0"},"up":{"uv":[0,1.5,0,0],"texture":"#0"},"down":{"uv":[0,0,0,1.5],"texture":"#0"}}},{"from":[7.5,8.41421,6],"to":[8.5,26.41421,10],"rotation":{"angle":0,"axis":"y","origin":[8,23.41421,7]},"faces":{"north":{"uv":[0.5,4.5,0.75,9],"texture":"#0"},"east":{"uv":[0,0,1,4.5],"texture":"#0"},"south":{"uv":[0.75,4.5,1,9],"texture":"#0"},"west":{"uv":[1,0,2,4.5],"texture":"#0"},"up":{"uv":[7.75,8,7.5,7],"texture":"#0"},"down":{"uv":[8,0,7.75,1],"texture":"#0"}}},{"from":[6.5,4.62132,6.5],"to":[9.5,9.62132,9.5],"rotation":{"angle":0,"axis":"y","origin":[8,8.12132,8]},"faces":{"north":{"uv":[4.5,5,5.25,6.25],"texture":"#0"},"east":{"uv":[5.25,5,6,6.25],"texture":"#0"},"south":{"uv":[5.5,0,6.25,1.25],"texture":"#0"},"west":{"uv":[5.5,1.25,6.25,2.5],"texture":"#0"},"up":{"uv":[7,4.5,6.25,3.75],"texture":"#0"},"down":{"uv":[5.75,6.25,5,7],"texture":"#0"}}},{"from":[7,8.87132,7.5],"to":[9,26.87132,8.5],"rotation":{"angle":0,"axis":"y","origin":[8.5,18.37132,8]},"faces":{"north":{"uv":[4,3,4.5,7.5],"texture":"#0"},"east":{"uv":[1,4.5,1.25,9],"texture":"#0"},"south":{"uv":[0,4.5,0.5,9],"texture":"#0"},"west":{"uv":[1.25,4.5,1.5,9],"texture":"#0"},"up":{"uv":[8.25,6.75,7.75,6.5],"texture":"#0"},"down":{"uv":[8.25,6.75,7.75,7],"texture":"#0"}}},{"from":[7,23.44239,0.22183],"to":[9,24.14949,0.92893],"rotation":{"angle":45,"axis":"x","origin":[8.5,16.37132,8]},"faces":{"north":{"uv":[7,7.75,7.5,8],"texture":"#0"},"east":{"uv":[7.75,7.75,8,8],"texture":"#0"},"south":{"uv":[7.75,7,8.25,7.25],"texture":"#0"},"west":{"uv":[8,0,8.25,0.25],"texture":"#0"},"up":{"uv":[8.25,7.5,7.75,7.25],"texture":"#0"},"down":{"uv":[8.25,7.5,7.75,7.75],"texture":"#0"}}},{"from":[7,5.62132,8.5],"to":[9,7.62132,12.5],"rotation":{"angle":-22.5,"axis":"x","origin":[8,5.62132,7.75]},"faces":{"north":{"uv":[7.75,2,8.25,2.5],"texture":"#0"},"east":{"uv":[6.5,6,7.5,6.5],"texture":"#0"},"south":{"uv":[7.75,2.5,8.25,3],"texture":"#0"},"west":{"uv":[6.5,6.5,7.5,7],"texture":"#0"},"up":{"uv":[7.25,1,6.75,0],"texture":"#0"},"down":{"uv":[7.25,1,6.75,2],"texture":"#0"}}},{"from":[7.5,4.12132,8],"to":[8.5,5.12132,14],"rotation":{"angle":-22.5,"axis":"x","origin":[8.5,5.62132,7.75]},"faces":{"north":{"uv":[5.75,6.25,6,6.5],"texture":"#0"},"east":{"uv":[7.25,1.5,8.75,1.75],"texture":"#0"},"south":{"uv":[5.75,6.5,6,6.75],"texture":"#0"},"west":{"uv":[7.25,1.75,8.75,2],"texture":"#0"},"up":{"uv":[7.5,6,7.25,4.5],"texture":"#0"},"down":{"uv":[2.75,7.5,2.5,9],"texture":"#0"}}},{"from":[7.5,4.12132,2],"to":[8.5,5.12132,8],"rotation":{"angle":22.5,"axis":"x","origin":[8.5,5.62132,8.25]},"faces":{"north":{"uv":[6.75,3.5,7,3.75],"texture":"#0"},"east":{"uv":[4,7.5,5.5,7.75],"texture":"#0"},"south":{"uv":[5.75,6.75,6,7],"texture":"#0"},"west":{"uv":[7.5,4.5,9,4.75],"texture":"#0"},"up":{"uv":[3,9,2.75,7.5],"texture":"#0"},"down":{"uv":[3.25,7.5,3,9],"texture":"#0"}}},{"from":[7,2.62132,12.5],"to":[9,7.62132,13.5],"rotation":{"angle":-22.5,"axis":"x","origin":[8,5.62132,7.75]},"faces":{"north":{"uv":[3,5.75,3.5,7],"texture":"#0"},"east":{"uv":[3.25,7.5,3.5,8.75],"texture":"#0"},"south":{"uv":[3.5,6,4,7.25],"texture":"#0"},"west":{"uv":[5.5,7.5,5.75,8.75],"texture":"#0"},"up":{"uv":[2,4.75,1.5,4.5],"texture":"#0"},"down":{"uv":[8.25,5.75,7.75,6],"texture":"#0"}}},{"from":[7,5.62132,3.5],"to":[9,7.62132,7.5],"rotation":{"angle":22.5,"axis":"x","origin":[8,5.62132,8.25]},"faces":{"north":{"uv":[7.75,3,8.25,3.5],"texture":"#0"},"east":{"uv":[6.75,2,7.75,2.5],"texture":"#0"},"south":{"uv":[4,7.75,4.5,8.25],"texture":"#0"},"west":{"uv":[6.75,2.5,7.75,3],"texture":"#0"},"up":{"uv":[2,8,1.5,7],"texture":"#0"},"down":{"uv":[2.5,7,2,8],"texture":"#0"}}},{"from":[7,2.62132,2.5],"to":[9,7.62132,3.5],"rotation":{"angle":22.5,"axis":"x","origin":[8,5.62132,8.25]},"faces":{"north":{"uv":[6,4.5,6.5,5.75],"texture":"#0"},"east":{"uv":[5.75,7.5,6,8.75],"texture":"#0"},"south":{"uv":[6,5.75,6.5,7],"texture":"#0"},"west":{"uv":[7.5,5.75,7.75,7],"texture":"#0"},"up":{"uv":[8.25,6.25,7.75,6],"texture":"#0"},"down":{"uv":[8.25,6.25,7.75,6.5],"texture":"#0"}}},{"from":[6.5,-3.33579,6],"to":[9.5,-1.33579,10],"rotation":{"angle":0,"axis":"y","origin":[8.5,2.66421,8]},"faces":{"north":{"uv":[7.5,4.75,8.25,5.25],"texture":"#0"},"east":{"uv":[5,7,6,7.5],"texture":"#0"},"south":{"uv":[7.5,5.25,8.25,5.75],"texture":"#0"},"west":{"uv":[6,7,7,7.5],"texture":"#0"},"up":{"uv":[6.25,3.5,5.5,2.5],"texture":"#0"},"down":{"uv":[6.25,3.5,5.5,4.5],"texture":"#0"}}},{"from":[7,-5.58579,6.5],"to":[9,-2.58579,9.5],"rotation":{"angle":45,"axis":"x","origin":[8,-4.08579,8]},"faces":{"north":{"uv":[7,7,7.5,7.75],"texture":"#0"},"east":{"uv":[6.5,4.5,7.25,5.25],"texture":"#0"},"south":{"uv":[7.25,0,7.75,0.75],"texture":"#0"},"west":{"uv":[6.5,5.25,7.25,6],"texture":"#0"},"up":{"uv":[7.75,1.5,7.25,0.75],"texture":"#0"},"down":{"uv":[4,7.25,3.5,8],"texture":"#0"}}},{"from":[7,-1.33579,7],"to":[9,3.66421,9],"rotation":{"angle":0,"axis":"y","origin":[8,-2.33579,8]},"faces":{"north":{"uv":[3.5,4.75,4,6],"texture":"#0"},"east":{"uv":[1.5,5.75,2,7],"texture":"#0"},"south":{"uv":[2,5.75,2.5,7],"texture":"#0"},"west":{"uv":[2.5,5.75,3,7],"texture":"#0"},"up":{"uv":[6,5,5.5,4.5],"texture":"#0"},"down":{"uv":[8.25,1,7.75,1.5],"texture":"#0"}}},{"from":[6.7,-1.63579,6.7],"to":[9.3,3.96421,9.3],"rotation":{"angle":0,"axis":"y","origin":[8,-2.33579,8]},"faces":{"north":{"uv":[6.25,0,6.75,1.25],"texture":"#0"},"east":{"uv":[6.25,1.25,6.75,2.5],"texture":"#0"},"south":{"uv":[6.25,2.5,6.75,3.75],"texture":"#0"},"west":{"uv":[4.5,6.25,5,7.5],"texture":"#0"},"up":{"uv":[5,8.25,4.5,7.75],"texture":"#0"},"down":{"uv":[5.5,7.75,5,8.25],"texture":"#0"}}},{"from":[6,3.66421,6],"to":[10,5.66421,10],"rotation":{"angle":0,"axis":"y","origin":[7,-1.33579,7]},"faces":{"north":{"uv":[6.75,3,7.75,3.5],"texture":"#0"},"east":{"uv":[2.5,7,3.5,7.5],"texture":"#0"},"south":{"uv":[7,3.5,8,4],"texture":"#0"},"west":{"uv":[7,4,8,4.5],"texture":"#0"},"up":{"uv":[2.5,5.75,1.5,4.75],"texture":"#0"},"down":{"uv":[3.5,4.75,2.5,5.75],"texture":"#0"}}},{"from":[8,8.41421,4.5],"to":[8,27.41421,6.5],"rotation":{"angle":0,"axis":"y","origin":[7.5,23.41421,4.5]},"faces":{"north":{"uv":[0,0,0,4.75],"texture":"#1"},"east":{"uv":[0,0,1,9.5],"texture":"#1"},"south":{"uv":[0,0,0,4.75],"texture":"#1"},"west":{"uv":[1,0,0,9.5],"texture":"#1"},"up":{"uv":[0,0.5,0,0],"texture":"#1"},"down":{"uv":[0,0,0,0.5],"texture":"#1"}}},{"from":[8,8.41421,9.5],"to":[8,27.41421,11.5],"rotation":{"angle":0,"axis":"y","origin":[7.5,23.41421,9.5]},"faces":{"north":{"uv":[0,0,0,4.75],"texture":"#1"},"east":{"uv":[2.5,0,1.5,9.5],"texture":"#1"},"south":{"uv":[0,0,0,4.75],"texture":"#1"},"west":{"uv":[1.5,0,2.5,9.5],"texture":"#1"},"up":{"uv":[0,0.5,0,0],"texture":"#1"},"down":{"uv":[0,0,0,0.5],"texture":"#1"}}}],"gui_light":"front"}