{"display":{"thirdperson_righthand":{"rotation":[22.5,0,0],"translation":[0,6,2.75],"scale":[0.99,0.99,0.99]},"thirdperson_lefthand":{"rotation":[22.5,0,0],"translation":[0,6,2.75],"scale":[0.99,0.99,0.99]},"firstperson_righthand":{"rotation":[22.5,0,0],"translation":[1,3.5,1],"scale":[0.8,0.8,0.8]},"firstperson_lefthand":{"rotation":[22.5,0,0],"translation":[1,3.5,1],"scale":[0.8,0.8,0.8]},"ground":{"rotation":[68,25,48],"translation":[-3.25,1,1.75],"scale":[0.5,0.5,0.5]},"gui":{"rotation":[-22.5,-160,41],"translation":[3,3,0],"scale":[0.64,0.64,0.64]},"head":{"rotation":[22.5,0,0],"translation":[0,15,2.25],"scale":[0.9,0.9,0.9]},"fixed":{"rotation":[22.5,0,0],"translation":[0,4.75,0],"scale":[0.6,0.6,0.6]}},"texture_size":[32,32],"textures":{"0":"item/hoplite/hollow_evoker_wand","particle":"item/hoplite/hollow_evoker_wand"},"elements":[{"from":[5.5,8,3.61591],"to":[10.5,14,8.61591],"rotation":{"angle":-22.5,"axis":"x","origin":[8,6.4,5.11591]},"faces":{"north":{"uv":[4,0,6.5,3],"texture":"#0"},"east":{"uv":[4,3,6.5,6],"texture":"#0"},"south":{"uv":[4,6,6.5,9],"texture":"#0"},"west":{"uv":[6.5,0,9,3],"texture":"#0"},"up":{"uv":[9,5.5,6.5,3],"texture":"#0"},"down":{"uv":[9,5.5,6.5,8],"texture":"#0"}}},{"from":[5.5,8.88448,1.0078],"to":[10.5,10.88448,2.0078],"rotation":{"angle":-22.5,"axis":"x","origin":[8,9.88448,1.5078]},"faces":{"north":{"uv":[9,7,11.5,8],"texture":"#0"},"east":{"uv":[14.5,8.5,15,9.5],"texture":"#0"},"south":{"uv":[3,10,5.5,11],"texture":"#0"},"west":{"uv":[9,14.5,9.5,15.5],"texture":"#0"},"up":{"uv":[15,4,12.5,3.5],"texture":"#0"},"down":{"uv":[15,4,12.5,4.5],"texture":"#0"}}},{"from":[7,7.5,3.11591],"to":[9,10.5,5.11591],"rotation":{"angle":-22.5,"axis":"x","origin":[8,6.4,5.11591]},"faces":{"north":{"uv":[11.5,9.5,12.5,11],"texture":"#0"},"east":{"uv":[10.5,11.5,11.5,13],"texture":"#0"},"south":{"uv":[11.5,11,12.5,12.5],"texture":"#0"},"west":{"uv":[12,0,13,1.5],"texture":"#0"},"up":{"uv":[14.5,14.5,13.5,13.5],"texture":"#0"},"down":{"uv":[1,14,0,15],"texture":"#0"}}},{"from":[6.5,5,5.21591],"to":[9.5,8,8.21591],"rotation":{"angle":-22.5,"axis":"x","origin":[8,6.4,5.11591]},"faces":{"north":{"uv":[5.5,10,7,11.5],"texture":"#0"},"east":{"uv":[7,10,8.5,11.5],"texture":"#0"},"south":{"uv":[8.5,10,10,11.5],"texture":"#0"},"west":{"uv":[10,10,11.5,11.5],"texture":"#0"},"up":{"uv":[12,1.5,10.5,0],"texture":"#0"},"down":{"uv":[12,1.5,10.5,3],"texture":"#0"}}},{"from":[6.45,3.95,5.16591],"to":[9.55,8.05,8.26591],"rotation":{"angle":-22.5,"axis":"x","origin":[8,6.4,5.11591]},"faces":{"north":{"uv":[0,9,1.5,11],"texture":"#0"},"east":{"uv":[9,0,10.5,2],"texture":"#0"},"south":{"uv":[1.5,9,3,11],"texture":"#0"},"west":{"uv":[9,2,10.5,4],"texture":"#0"},"up":{"uv":[12,9.5,10.5,8],"texture":"#0"},"down":{"uv":[1.5,11,0,12.5],"texture":"#0"}}},{"from":[7,-13,5.71591],"to":[9,5,7.71591],"rotation":{"angle":-22.5,"axis":"x","origin":[8,6.4,5.11591]},"faces":{"north":{"uv":[0,0,1,9],"texture":"#0"},"east":{"uv":[1,0,2,9],"texture":"#0"},"south":{"uv":[2,0,3,9],"texture":"#0"},"west":{"uv":[3,0,4,9],"texture":"#0"},"up":{"uv":[6.5,10,5.5,9],"texture":"#0"},"down":{"uv":[11.5,3,10.5,4],"texture":"#0"}}},{"from":[7,-13.49679,12.9922],"to":[9,-10.49679,15.9922],"rotation":{"angle":22.5,"axis":"x","origin":[8,-11.99679,14.4922]},"faces":{"north":{"uv":[12,1.5,13,3],"texture":"#0"},"east":{"uv":[1.5,11,3,12.5],"texture":"#0"},"south":{"uv":[12,7,13,8.5],"texture":"#0"},"west":{"uv":[3,11,4.5,12.5],"texture":"#0"},"up":{"uv":[1,14,0,12.5],"texture":"#0"},"down":{"uv":[2,12.5,1,14],"texture":"#0"}}},{"from":[7.5,-13.99679,12.4922],"to":[8.5,-9.99679,16.4922],"rotation":{"angle":22.5,"axis":"x","origin":[8.5,-11.99679,14.4922]},"faces":{"north":{"uv":[12.5,4.5,13,6.5],"texture":"#0"},"east":{"uv":[6.5,8,8.5,10],"texture":"#0"},"south":{"uv":[12.5,9.5,13,11.5],"texture":"#0"},"west":{"uv":[8.5,8,10.5,10],"texture":"#0"},"up":{"uv":[12,14.5,11.5,12.5],"texture":"#0"},"down":{"uv":[13,11.5,12.5,13.5],"texture":"#0"}}},{"from":[6.9,1.7,5.61591],"to":[9.1,2.9,7.81591],"rotation":{"angle":-22.5,"axis":"x","origin":[8,6.4,5.11591]},"faces":{"north":{"uv":[10.5,9.5,11.5,10],"texture":"#0"},"east":{"uv":[13,8,14,8.5],"texture":"#0"},"south":{"uv":[14,8,15,8.5],"texture":"#0"},"west":{"uv":[14.5,6.5,15.5,7],"texture":"#0"},"up":{"uv":[8.5,14.5,7.5,13.5],"texture":"#0"},"down":{"uv":[9.5,13.5,8.5,14.5],"texture":"#0"}}},{"from":[6.9,-5.3,5.61591],"to":[9.1,-4.1,7.81591],"rotation":{"angle":-22.5,"axis":"x","origin":[8,6.4,5.11591]},"faces":{"north":{"uv":[11.5,14.5,12.5,15],"texture":"#0"},"east":{"uv":[14.5,11.5,15.5,12],"texture":"#0"},"south":{"uv":[14.5,12,15.5,12.5],"texture":"#0"},"west":{"uv":[14.5,12.5,15.5,13],"texture":"#0"},"up":{"uv":[2,15,1,14],"texture":"#0"},"down":{"uv":[5.5,14,4.5,15],"texture":"#0"}}},{"from":[6.9,-13.3,5.61591],"to":[9.1,-11.1,7.81591],"rotation":{"angle":-22.5,"axis":"x","origin":[8,6.4,5.11591]},"faces":{"north":{"uv":[14,4.5,15,5.5],"texture":"#0"},"east":{"uv":[14,5.5,15,6.5],"texture":"#0"},"south":{"uv":[14,7,15,8],"texture":"#0"},"west":{"uv":[14,9.5,15,10.5],"texture":"#0"},"up":{"uv":[11.5,15,10.5,14],"texture":"#0"},"down":{"uv":[15,10.5,14,11.5],"texture":"#0"}}},{"from":[9.5,4,4.91591],"to":[10.5,8,6.91591],"rotation":{"angle":22.5,"axis":"z","origin":[10,7.5,5.91591]},"faces":{"north":{"uv":[12,12.5,12.5,14.5],"texture":"#0"},"east":{"uv":[4.5,11,5.5,13],"texture":"#0"},"south":{"uv":[4,13,4.5,15],"texture":"#0"},"west":{"uv":[11.5,3,12.5,5],"texture":"#0"},"up":{"uv":[3,15.5,2.5,14.5],"texture":"#0"},"down":{"uv":[3.5,14.5,3,15.5],"texture":"#0"}}},{"from":[9.82809,3.07914,4.86591],"to":[10.92809,7.17914,6.96591],"rotation":{"angle":22.5,"axis":"z","origin":[8,6.11418,5.91591]},"faces":{"north":{"uv":[6.5,13.5,7,15.5],"texture":"#0"},"east":{"uv":[11.5,5,12.5,7],"texture":"#0"},"south":{"uv":[7,13.5,7.5,15.5],"texture":"#0"},"west":{"uv":[5.5,11.5,6.5,13.5],"texture":"#0"},"up":{"uv":[4,15.5,3.5,14.5],"texture":"#0"},"down":{"uv":[6,14.5,5.5,15.5],"texture":"#0"}}},{"from":[5.07191,3.07914,4.86591],"to":[6.17191,7.17914,6.96591],"rotation":{"angle":-22.5,"axis":"z","origin":[8,6.11418,5.91591]},"faces":{"north":{"uv":[12.5,13.5,13,15.5],"texture":"#0"},"east":{"uv":[8.5,11.5,9.5,13.5],"texture":"#0"},"south":{"uv":[13,13.5,13.5,15.5],"texture":"#0"},"west":{"uv":[9.5,11.5,10.5,13.5],"texture":"#0"},"up":{"uv":[8.5,15.5,8,14.5],"texture":"#0"},"down":{"uv":[9,14.5,8.5,15.5],"texture":"#0"}}},{"from":[5.5,4,4.91591],"to":[6.5,8,6.91591],"rotation":{"angle":-22.5,"axis":"z","origin":[6,7.5,5.91591]},"faces":{"north":{"uv":[9.5,13.5,10,15.5],"texture":"#0"},"east":{"uv":[6.5,11.5,7.5,13.5],"texture":"#0"},"south":{"uv":[10,13.5,10.5,15.5],"texture":"#0"},"west":{"uv":[7.5,11.5,8.5,13.5],"texture":"#0"},"up":{"uv":[6.5,15.5,6,14.5],"texture":"#0"},"down":{"uv":[8,14.5,7.5,15.5],"texture":"#0"}}},{"from":[2,8,6.91591],"to":[7,10,7.91591],"rotation":{"angle":-22.5,"axis":"z","origin":[5.75,8.25,7.41591]},"faces":{"north":{"uv":[3,9,5.5,10],"texture":"#0"},"east":{"uv":[11.5,7,12,8],"texture":"#0"},"south":{"uv":[9,4,11.5,5],"texture":"#0"},"west":{"uv":[14,11.5,14.5,12.5],"texture":"#0"},"up":{"uv":[14.5,9,12,8.5],"texture":"#0"},"down":{"uv":[14.5,9,12,9.5],"texture":"#0"}}},{"from":[4,7.5,6.41591],"to":[6,9.5,8.41591],"rotation":{"angle":-22.5,"axis":"z","origin":[5.75,8.25,7.41591]},"faces":{"north":{"uv":[4.5,13,5.5,14],"texture":"#0"},"east":{"uv":[13,4.5,14,5.5],"texture":"#0"},"south":{"uv":[13,5.5,14,6.5],"texture":"#0"},"west":{"uv":[13,7,14,8],"texture":"#0"},"up":{"uv":[14,10.5,13,9.5],"texture":"#0"},"down":{"uv":[11.5,13,10.5,14],"texture":"#0"}}},{"from":[10,7.5,6.41591],"to":[12,9.5,8.41591],"rotation":{"angle":22.5,"axis":"z","origin":[10.25,8.25,7.41591]},"faces":{"north":{"uv":[13,10.5,14,11.5],"texture":"#0"},"east":{"uv":[13,11.5,14,12.5],"texture":"#0"},"south":{"uv":[13,12.5,14,13.5],"texture":"#0"},"west":{"uv":[2,13.5,3,14.5],"texture":"#0"},"up":{"uv":[4,14.5,3,13.5],"texture":"#0"},"down":{"uv":[6.5,13.5,5.5,14.5],"texture":"#0"}}},{"from":[3,7,6.91591],"to":[7,8,7.91591],"rotation":{"angle":-22.5,"axis":"z","origin":[5.75,8.25,7.41591]},"faces":{"north":{"uv":[12.5,6.5,14.5,7],"texture":"#0"},"east":{"uv":[14.5,13,15,13.5],"texture":"#0"},"south":{"uv":[13,0,15,0.5],"texture":"#0"},"west":{"uv":[13.5,14.5,14,15],"texture":"#0"},"up":{"uv":[15,1,13,0.5],"texture":"#0"},"down":{"uv":[15,1,13,1.5],"texture":"#0"}}},{"from":[9,8,6.91591],"to":[14,10,7.91591],"rotation":{"angle":22.5,"axis":"z","origin":[10.25,8.25,7.41591]},"faces":{"north":{"uv":[9,5,11.5,6],"texture":"#0"},"east":{"uv":[14,12.5,14.5,13.5],"texture":"#0"},"south":{"uv":[9,6,11.5,7],"texture":"#0"},"west":{"uv":[2,14.5,2.5,15.5],"texture":"#0"},"up":{"uv":[4.5,13,2,12.5],"texture":"#0"},"down":{"uv":[15,3,12.5,3.5],"texture":"#0"}}},{"from":[9,7,6.91591],"to":[13,8,7.91591],"rotation":{"angle":22.5,"axis":"z","origin":[10.25,8.25,7.41591]},"faces":{"north":{"uv":[13,1.5,15,2],"texture":"#0"},"east":{"uv":[14.5,13.5,15,14],"texture":"#0"},"south":{"uv":[2,13,4,13.5],"texture":"#0"},"west":{"uv":[14,14.5,14.5,15],"texture":"#0"},"up":{"uv":[15,2.5,13,2],"texture":"#0"},"down":{"uv":[15,2.5,13,3],"texture":"#0"}}}],"gui_light":"front"}