{"display":{"thirdperson_righthand":{"rotation":[0,90,0],"translation":[0,5,1.5],"scale":[0.8,0.8,0.8]},"thirdperson_lefthand":{"rotation":[0,90,0],"translation":[0,5,1.5],"scale":[0.8,0.8,0.8]},"firstperson_righthand":{"rotation":[17.5,90,0],"translation":[1,2,0.75],"scale":[0.6,0.6,0.6]},"firstperson_lefthand":{"rotation":[17.5,90,0],"translation":[1,2,0.75],"scale":[0.6,0.6,0.6]},"ground":{"rotation":[72,22,0],"scale":[0.5,0.5,0.5]},"gui":{"rotation":[0,0,-45],"scale":[0.6,0.6,0.6]},"head":{"translation":[0,15.25,0],"scale":[1.3,1.3,1.3]},"fixed":{"rotation":[0,0,-45],"scale":[0.6,0.6,0.6]}},"texture_size":[32,32],"textures":{"0":"item/hoplite/magma_club","particle":"item/hoplite/magma_club"},"elements":[{"from":[7,-3.3,7],"to":[9,2.7,9],"rotation":{"angle":0,"axis":"y","origin":[8,1,8]},"faces":{"north":{"uv":[3,8,4,11],"texture":"#0"},"east":{"uv":[8,3.5,9,6.5],"texture":"#0"},"south":{"uv":[9,0,10,3],"texture":"#0"},"west":{"uv":[9,3,10,6],"texture":"#0"},"up":{"uv":[11,9,10,8],"texture":"#0"},"down":{"uv":[7,11.5,6,12.5],"texture":"#0"}}},{"from":[6.95,-2.05,6.95],"to":[9.05,1.05,9.05],"rotation":{"angle":0,"axis":"y","origin":[8,1,8]},"faces":{"north":{"uv":[0,11.5,1,13],"texture":"#0"},"east":{"uv":[1,11.5,2,13],"texture":"#0"},"south":{"uv":[2,11.5,3,13],"texture":"#0"},"west":{"uv":[5,11.5,6,13],"texture":"#0"},"up":{"uv":[13,13,12,12],"texture":"#0"},"down":{"uv":[7,12.5,6,13.5],"texture":"#0"}}},{"from":[8,8.5,6.5],"to":[13,13.5,9.5],"rotation":{"angle":45,"axis":"z","origin":[16.5,5,8]},"faces":{"north":{"uv":[4,0,6.5,2.5],"texture":"#0"},"east":{"uv":[6.5,2.5,8,5],"texture":"#0"},"south":{"uv":[4,2.5,6.5,5],"texture":"#0"},"west":{"uv":[6.5,5,8,7.5],"texture":"#0"},"up":{"uv":[7.5,9,5,7.5],"texture":"#0"},"down":{"uv":[10,7.5,7.5,9],"texture":"#0"}}},{"from":[6.95,-3.35,6.95],"to":[9.05,-2.25,9.05],"rotation":{"angle":0,"axis":"y","origin":[8,2.5,8]},"faces":{"north":{"uv":[9,6,10,6.5],"texture":"#0"},"east":{"uv":[14,2.5,15,3],"texture":"#0"},"south":{"uv":[14,3,15,3.5],"texture":"#0"},"west":{"uv":[3.5,14,4.5,14.5],"texture":"#0"},"up":{"uv":[13,6,12,5],"texture":"#0"},"down":{"uv":[13,6,12,7],"texture":"#0"}}},{"from":[6.95,1.25,6.95],"to":[9.05,3.35,9.05],"rotation":{"angle":0,"axis":"y","origin":[8,2.5,8]},"faces":{"north":{"uv":[4.5,13,5.5,14],"texture":"#0"},"east":{"uv":[13,5,14,6],"texture":"#0"},"south":{"uv":[13,6,14,7],"texture":"#0"},"west":{"uv":[7,13,8,14],"texture":"#0"},"up":{"uv":[14,8,13,7],"texture":"#0"},"down":{"uv":[9,13,8,14],"texture":"#0"}}},{"from":[7,-4.3,7],"to":[9,-2.3,9],"rotation":{"angle":0,"axis":"y","origin":[8,2.5,8]},"faces":{"north":{"uv":[12,7,13,8],"texture":"#0"},"east":{"uv":[12,8,13,9],"texture":"#0"},"south":{"uv":[9,12,10,13],"texture":"#0"},"west":{"uv":[12,9,13,10],"texture":"#0"},"up":{"uv":[11,13,10,12],"texture":"#0"},"down":{"uv":[12,12,11,13],"texture":"#0"}}},{"from":[7,-8.3,7],"to":[9,-4.3,9],"rotation":{"angle":0,"axis":"y","origin":[8,2.5,8]},"faces":{"north":{"uv":[11,3,12,5],"texture":"#0"},"east":{"uv":[7,11,8,13],"texture":"#0"},"south":{"uv":[8,11,9,13],"texture":"#0"},"west":{"uv":[11,8,12,10],"texture":"#0"},"up":{"uv":[14,11,13,10],"texture":"#0"},"down":{"uv":[12,13,11,14],"texture":"#0"}}},{"from":[6,7,7.5],"to":[10,23,8.5],"rotation":{"angle":0,"axis":"y","origin":[8,2,8]},"faces":{"north":{"uv":[0,0,2,8],"texture":"#0"},"east":{"uv":[4,5,4.5,13],"texture":"#0"},"south":{"uv":[2,0,4,8],"texture":"#0"},"west":{"uv":[4.5,5,5,13],"texture":"#0"},"up":{"uv":[14,0.5,12,0],"texture":"#0"},"down":{"uv":[14,0.5,12,1],"texture":"#0"}}},{"from":[7.44508,22.98,7.48],"to":[10.48508,24.02,8.52],"rotation":{"angle":-22.5,"axis":"z","origin":[9.46508,23,8]},"faces":{"north":{"uv":[14,1,15.5,1.5],"texture":"#0"},"east":{"uv":[11.5,14,12,14.5],"texture":"#0"},"south":{"uv":[14,1.5,15.5,2],"texture":"#0"},"west":{"uv":[12,14,12.5,14.5],"texture":"#0"},"up":{"uv":[3.5,14.5,2,14],"texture":"#0"},"down":{"uv":[15.5,2,14,2.5],"texture":"#0"}}},{"from":[5.51492,22.98,7.48],"to":[8.55492,24.02,8.52],"rotation":{"angle":22.5,"axis":"z","origin":[6.53492,23,8]},"faces":{"north":{"uv":[13,11,14.5,11.5],"texture":"#0"},"east":{"uv":[5.5,13,6,13.5],"texture":"#0"},"south":{"uv":[13,11.5,14.5,12],"texture":"#0"},"west":{"uv":[10,14,10.5,14.5],"texture":"#0"},"up":{"uv":[13.5,13.5,12,13],"texture":"#0"},"down":{"uv":[14.5,12,13,12.5],"texture":"#0"}}},{"from":[5.52492,21.99,7.49],"to":[8.54492,23.01,8.51],"rotation":{"angle":22.5,"axis":"z","origin":[6.53492,23,8]},"faces":{"north":{"uv":[13,12.5,14.5,13],"texture":"#0"},"east":{"uv":[14,10,14.5,10.5],"texture":"#0"},"south":{"uv":[5.5,13.5,7,14],"texture":"#0"},"west":{"uv":[10.5,14,11,14.5],"texture":"#0"},"up":{"uv":[13.5,14,12,13.5],"texture":"#0"},"down":{"uv":[15,13,13.5,13.5],"texture":"#0"}}},{"from":[7.45508,21.99,7.49],"to":[10.47508,23.01,8.51],"rotation":{"angle":-22.5,"axis":"z","origin":[9.46508,23,8]},"faces":{"north":{"uv":[13.5,13.5,15,14],"texture":"#0"},"east":{"uv":[14,10.5,14.5,11],"texture":"#0"},"south":{"uv":[14,0,15.5,0.5],"texture":"#0"},"west":{"uv":[11,14,11.5,14.5],"texture":"#0"},"up":{"uv":[2,14.5,0.5,14],"texture":"#0"},"down":{"uv":[15.5,0.5,14,1],"texture":"#0"}}},{"from":[5,4.2,7],"to":[8,9.2,9],"rotation":{"angle":0,"axis":"y","origin":[8,0.5,8]},"faces":{"north":{"uv":[5,5,6.5,7.5],"texture":"#0"},"east":{"uv":[5,9,6,11.5],"texture":"#0"},"south":{"uv":[6.5,0,8,2.5],"texture":"#0"},"west":{"uv":[6,9,7,11.5],"texture":"#0"},"up":{"uv":[12.5,11,11,10],"texture":"#0"},"down":{"uv":[12.5,11,11,12],"texture":"#0"}}},{"from":[8.7,4.2,7],"to":[10.7,11.2,9],"rotation":{"angle":0,"axis":"y","origin":[8,0.5,8]},"faces":{"north":{"uv":[0,8,1,11.5],"texture":"#0"},"east":{"uv":[8,0,9,3.5],"texture":"#0"},"south":{"uv":[1,8,2,11.5],"texture":"#0"},"west":{"uv":[2,8,3,11.5],"texture":"#0"},"up":{"uv":[13,2,12,1],"texture":"#0"},"down":{"uv":[13,2,12,3],"texture":"#0"}}},{"from":[7.96,-7.14,6.96],"to":[10.04,-3.06,9.04],"rotation":{"angle":0,"axis":"y","origin":[8,0.5,8]},"faces":{"north":{"uv":[9,10,10,12],"texture":"#0"},"east":{"uv":[10,10,11,12],"texture":"#0"},"south":{"uv":[11,1,12,3],"texture":"#0"},"west":{"uv":[3,11,4,13],"texture":"#0"},"up":{"uv":[14,9,13,8],"texture":"#0"},"down":{"uv":[10,13,9,14],"texture":"#0"}}},{"from":[6.48,-5.12,6.98],"to":[7.52,-3.08,9.02],"rotation":{"angle":0,"axis":"y","origin":[8,0.5,8]},"faces":{"north":{"uv":[8.5,14,9,15],"texture":"#0"},"east":{"uv":[13,9,14,10],"texture":"#0"},"south":{"uv":[9,14,9.5,15],"texture":"#0"},"west":{"uv":[10,13,11,14],"texture":"#0"},"up":{"uv":[14.5,10,14,9],"texture":"#0"},"down":{"uv":[10,14,9.5,15],"texture":"#0"}}},{"from":[9,4.5,7.5],"to":[11,8.5,8.5],"rotation":{"angle":-22.5,"axis":"z","origin":[11,5.5,8]},"faces":{"north":{"uv":[10,1,11,3],"texture":"#0"},"east":{"uv":[12.5,10,13,12],"texture":"#0"},"south":{"uv":[10,3,11,5],"texture":"#0"},"west":{"uv":[0,13,0.5,15],"texture":"#0"},"up":{"uv":[15,4,14,3.5],"texture":"#0"},"down":{"uv":[15,4,14,4.5],"texture":"#0"}}},{"from":[5,5.5,7.5],"to":[7,7.5,8.5],"rotation":{"angle":22.5,"axis":"z","origin":[5,5.5,8]},"faces":{"north":{"uv":[0.5,13,1.5,14],"texture":"#0"},"east":{"uv":[4.5,14,5,15],"texture":"#0"},"south":{"uv":[13,1,14,2],"texture":"#0"},"west":{"uv":[14,4.5,14.5,5.5],"texture":"#0"},"up":{"uv":[6,14.5,5,14],"texture":"#0"},"down":{"uv":[15,5.5,14,6],"texture":"#0"}}},{"from":[11.9845,4.65986,6.97],"to":[13.0845,6.75986,9.07],"rotation":{"angle":22.5,"axis":"z","origin":[12.4345,4.80986,8.02]},"faces":{"north":{"uv":[14,7,14.5,8],"texture":"#0"},"east":{"uv":[2.5,13,3.5,14],"texture":"#0"},"south":{"uv":[7.5,14,8,15],"texture":"#0"},"west":{"uv":[13,3,14,4],"texture":"#0"},"up":{"uv":[8.5,15,8,14],"texture":"#0"},"down":{"uv":[14.5,8,14,9],"texture":"#0"}}},{"from":[9.48,4.48,6.98],"to":[13.52,6.52,9.02],"rotation":{"angle":22.5,"axis":"z","origin":[12,4.5,8]},"faces":{"north":{"uv":[10,5,12,6],"texture":"#0"},"east":{"uv":[3.5,13,4.5,14],"texture":"#0"},"south":{"uv":[10,6,12,7],"texture":"#0"},"west":{"uv":[13,4,14,5],"texture":"#0"},"up":{"uv":[9,11,7,10],"texture":"#0"},"down":{"uv":[12,7,10,8],"texture":"#0"}}},{"from":[2.48,4.48,6.98],"to":[6.52,6.52,9.02],"rotation":{"angle":-22.5,"axis":"z","origin":[4,4.5,8]},"faces":{"north":{"uv":[8,6.5,10,7.5],"texture":"#0"},"east":{"uv":[12,3,13,4],"texture":"#0"},"south":{"uv":[7,9,9,10],"texture":"#0"},"west":{"uv":[12,4,13,5],"texture":"#0"},"up":{"uv":[11,10,9,9],"texture":"#0"},"down":{"uv":[12,0,10,1],"texture":"#0"}}},{"from":[2.9155,4.65986,6.97],"to":[4.0155,6.75986,9.07],"rotation":{"angle":-22.5,"axis":"z","origin":[3.5655,4.80986,8.02]},"faces":{"north":{"uv":[6,14,6.5,15],"texture":"#0"},"east":{"uv":[1.5,13,2.5,14],"texture":"#0"},"south":{"uv":[14,6,14.5,7],"texture":"#0"},"west":{"uv":[13,2,14,3],"texture":"#0"},"up":{"uv":[7,15,6.5,14],"texture":"#0"},"down":{"uv":[7.5,14,7,15],"texture":"#0"}}}],"gui_light":"front"}